order_id,customer_id,date,product,category,region,quantity,unit_price,revenue,salesperson
1,C3183,2023-09-12,Mechanical Keyboard,Electronics,West,20,577.47,11549.4,David Lee
2,C4483,2024-11-29,USB Hub,Accessories,South,27,1194.93,32263.11,Frank Davis
3,C6939,2023-07-28,Mechanical Keyboard,Electronics,North,18,72.48,1304.64,Emma Brown
3,C6939,2023-07-28,Mechanical Keyboard,Electronics,North,18,72.48,1304.64,Emma Brown
3,C6939,2023-07-28,Mechanical Keyboard,Electronics,North,18,72.48,1304.64,Emma Brown
6,C4464,2023-02-26,Standing Desk,Furniture,South,13,642.34,8350.42,Irene Park
7,C3353,2023-05-02,USB Hub,Accessories,South,14,416.88,5836.32,James Taylor
8,C5713,2024-05-28,Desk Lamp,Furniture,North,,2051.06,12306.36,Frank Davis
9,C7530,2024-01-17,Monitor,Electronics,North,29,160.9,4666.1,Carol White
10,C8173,2023-03-24,Wireless Headset,Electronics,West,15,2266.94,34004.1,Emma Brown
11,C3611,2024-09-17,Desk Lamp,Furniture,West,14,2905.94,40683.16,Emma Brown
12,C3812,2023-07-17,Standing Desk,Furniture,North,23,921.43,21192.89,Frank Davis
13,C6087,2024-06-18,Laptop Pro,Electronics,North,18,647.37,11652.66,Irene Park
13,C6087,2024-06-18,Laptop Pro,Electronics,North,18,647.37,11652.66,Irene Park
15,C7828,2023-03-01,Smart Watch,Wearables,East,19,144.28,2741.32,Bob Smith
16,C3140,2023-05-12,Mechanical Keyboard,Electronics,West,9,1409.43,12684.87,Carol White
17,C8804,2024-05-05,Webcam,Electronics,West,27,2742.4,74044.8,Carol White
18,C3719,2023-09-25,Laptop Pro,Electronics,East,19,991.3,18834.7,Alice Johnson
19,C3815,2024-05-11,Laptop Pro,Electronics,West,26,606.01,15756.26,David Lee
20,C3460,2023-05-21,Monitor,Electronics,North,24,420.81,10099.44,Bob Smith
21,C8145,2023-12-17,USB Hub,Accessories,South,25,205.79,5144.75,  Frank Davis  
22,C2313,2024-09-08,Smart Watch,Wearables,South,15,2212.36,33185.4,James Taylor
23,C5845,2023-10-20,Laptop Pro,Electronics,East,5,2833.75,14168.75,Carol White
24,C1303,2023-06-04,Laptop Pro,Electronics,West,20,718.57,14371.4,Emma Brown
25,C2539,2024-08-03,Laptop Pro,Electronics,south,21,816.43,17145.03,David Lee
26,C9240,2023-02-06,USB Hub,Accessories,West,1,2801.37,2801.37,Carol White
27,C2645,2023-08-02,Standing Desk,Furniture,South,24,1740.0,41760.0,David Lee
28,C7897,2024-12-04,Monitor,Electronics,North,8,1597.25,12778.0,David Lee
29,C5798,2023-02-21,Laptop Pro,Electroncs,West,11,609.39,6703.29,Alice Johnson
30,C1445,2023-02-27,Office Chair,Furniture,East,9,-29.32,5709.96,Irene Park
31,C5192,2023-12-18,Smart Watch,Wearables,north,6,675.04,4050.24,Alice Johnson
32,C5477,2023-04-30,Mechanical Keyboard,Electronics,east,23,1067.37,24549.51,Frank Davis
33,C2998,2024-01-28,Webcam,Electronics,North,24,822.68,19744.32,James Taylor
34,C5583,2023-03-11,Wireless Headset,Electronics,North,13,-218.45,30376.71,Emma Brown
35,C4337,2023-08-12,USB Hub,Accessories,north,4,2408.06,9632.24,Alice Johnson
36,C7326,2024-03-04,Office Chair,Furniture,West,10,2533.61,25336.1,Bob Smith
37,C8935,2023-10-25,Laptop Pro,Electronics,North,16,1203.91,19262.56,Emma Brown
38,C4767,2024-05-29,Office Chair,Furniture,South,17,429.82,7306.94,Frank Davis
39,C2747,2024-04-13,Mechanical Keyboard,Electronics,North,14,310.85,4351.9,Alice Johnson
40,C4571,2023-01-26,Office Chair,Furniture,SOUTH,20,379.1,7582.0,Bob Smith
41,C7957,2024-06-19,Standing Desk,Furniture,South,26,2407.76,62601.76,David Lee
42,C9747,2023-03-11,USB Hub,Accessories,East,5,1336.54,6682.7,Carol White
43,C4254,2024-03-09,Monitor,Electronics,East,22,2728.78,60033.16,Alice Johnson
44,C3205,2023-12-27,Mechanical Keyboard,Electronics,,30,651.15,19534.5,Bob Smith
45,C3124,2024-11-13,Desk Lamp,Furniture,East,29,430.36,12480.44,Grace Kim
46,C2515,2024-01-29,Monitor,Electronics,South,10,1330.93,13309.3,Emma Brown
47,C3112,2023-12-30,Laptop Pro,Electronics,South,26,2386.37,62045.62,Henry Wilson
47,C3112,2023-12-30,Laptop Pro,Electronics,South,26,2386.37,62045.62,Henry Wilson
49,C9999,2023-05-09,Laptop Pro,Electronics,SOUTH,21,1322.69,27776.49,Carol White
50,C3451,2024-12-15,Standing Desk,Furniture,West,10,1742.95,17429.5,Carol White
51,C7757,2024-12-25,Office Chair,Furniture,East,27,284.14,7671.78,  Henry Wilson  
52,C5191,3/11/2023,Office Chair,Furniture,North,17,2591.67,44058.39,Carol White
53,C1790,2024-12-08,Webcam,Electronics,East,11,1722.03,18942.33,Carol White
54,C2054,2023-08-09,Standing Desk,Furniture,West,11,1019.07,11209.77,Irene Park
55,C2411,27/2/2023,Wireless Headset,Electronics,East,6,225.63,1353.78,Bob Smith
56,C3349,2023-06-22,Mechanical Keyboard,Electronics,West,9,2223.32,20009.88,Frank Davis
57,C8928,11/4/2023,USB Hub,Accessories,East,15,,27948.3,Irene Park
58,C8039,2024-07-14,Laptop Pro,FURNITURE,South,29,2361.02,68469.58,Carol White
59,C4288,14/2/2023,Desk Lamp,Furniture,North,23,,67361.25,Frank Davis
60,C8403,2024-10-23,Standing Desk,Furniture,EAST,8,912.2,7297.6,Frank Davis
61,C5941,2023-12-09,Standing Desk,Furniture,East,23,2045.66,47050.18,Carol White
62,C1057,2024-12-22,Laptop Pro,Electronics,West,23,2743.49,63100.27,Frank Davis
63,C6058,2024-11-12,Desk Lamp,Furniture,West,20,2492.23,49844.6,Carol White
64,C5115,2024-07-20,Standing Desk,Wearable,South,2,2521.35,5042.7,David Lee
65,C8689,2023-12-29,Office Chair,Furniture,North,5,147.18,735.9,Alice Johnson
66,C4159,2024-08-28,Smart Watch,Wearables,North,6,52.97,317.82,Irene Park
67,C8312,2023-07-21,Monitor,FURNITURE,West,14,2891.58,40482.12,Emma Brown
68,C8165,2023-10-06,Monitor,Electronics,north,,2968.09,5936.18,Carol White
69,C8018,2023-02-18,Standing Desk,Furniture,East,15,1186.95,17804.25,Carol White
70,C4856,2023-11-20,Laptop Pro,Electronics,South,2,1569.92,3139.84,David Lee
71,C5338,2023-03-21,Office Chair,Furniture,South,6,1897.39,11384.34,Carol White
72,C8613,2023-05-14,USB Hub,Accessories,East,9,1581.11,14229.99,James Taylor
73,C3053,2024-06-24,Smart Watch,Wearables,South,8,2656.77,21254.16,James Taylor
74,C6918,2023-09-16,Laptop Pro,Electronics,North,7,2273.03,15911.21,James Taylor
75,C2664,2024-08-30,Wireless Headset,Electronics,East,8,1852.95,14823.6,Emma Brown
76,C6972,2023-01-19,USB Hub,Accessories,East,,1404.87,23882.79,Alice Johnson
77,C9385,2023-01-25,USB Hub,Accessories,South,12,624.36,7492.32,Irene Park
78,C7040,2024-08-24,Webcam,electronics,North,3,1392.29,4176.87,James Taylor
79,C4578,2023-11-13,Wireless Headset,Electronics,South,16,2379.29,38068.64,James Taylor
80,C5886,2024-03-13,Office Chair,Furniture,West,5,667.41,3337.05,James Taylor
81,C6410,2024-07-27,Mechanical Keyboard,Electronics,South,10,1445.95,14459.5,Irene Park
82,C1754,2024-06-11,Desk Lamp,Furniture,East,12,272.44,3269.28,Grace Kim
83,C5065,2023-03-19,Webcam,Electronics,West,1,603.26,603.26,Henry Wilson
84,C7616,2024-07-23,Smart Watch,Wearables,West,25,633.87,15846.75,Alice Johnson
84,C7616,2024-07-23,Smart Watch,Wearables,West,25,633.87,15846.75,Alice Johnson
86,C9207,2023-11-22,USB Hub,Accessories,North,30,2725.9,81777.0,Irene Park
87,C7494,2024-05-05,Standing Desk,Furniture,North,22,,18573.72,David Lee
88,C3382,2024-09-30,Monitor,Electronics,,23,1820.92,41881.16,Henry Wilson
89,C8251,2024-01-27,Desk Lamp,Furniture,East,16,2434.38,38950.08,Frank Davis
90,C8073,2023-05-16,Office Chair,Furniture,East,1,2392.63,2392.63,Alice Johnson
91,C2772,2023-05-25,Smart Watch,Wearables,East,23,534.13,12284.99,James Taylor
92,C9544,2024-03-23,Laptop Pro,Electronics,East,18,298.3,5369.4,Bob Smith
93,C9039,2024-08-26,Standing Desk,Furniture,East,3,678.8,2036.4,Grace Kim
94,C6642,2023-08-23,Laptop Pro,Electronics,South,2,248.67,497.34,James Taylor
95,C1779,2024-08-26,Standing Desk,Furniture,East,28,411.93,11534.04,Henry Wilson
96,C8043,2023-08-21,USB Hub,Accessories,East,28,-484.94,17520.44,James Taylor
97,C5487,2024-08-17,Monitor,Electronics,South,8,2238.74,17909.92,Grace Kim
98,C5092,2023-03-31,Laptop Pro,Electronics,West,8,1644.36,13154.88,Carol White
99,C3279,2024-05-13,Standing Desk,Furniture,West,20,1584.22,31684.4,James Taylor
100,C5874,2023-04-09,Desk Lamp,Furniture,,9,563.98,5075.82,David Lee
101,C9088,2023-01-29,Smart Watch,electronics,West,15,733.04,10995.6,James Taylor
102,C2977,2023-04-10,Desk Lamp,Furniture,East,27,1210.64,32687.28,James Taylor
103,C7012,2023-01-27,Wireless Headset,Electronics,East,10,597.31,5973.1,Carol White
104,C7608,2023-03-30,Standing Desk,Furniture,EAST,9,2660.76,23946.84,Grace Kim
105,C6254,2024-01-28,Standing Desk,Furniture,North,6,1467.84,8807.04,Grace Kim
105,C6254,2024-01-28,Standing Desk,Furniture,North,6,1467.84,8807.04,Grace Kim
107,C7968,2023-02-23,Desk Lamp,Furniture,North,3,1760.02,5280.06,Alice Johnson
108,C1622,2023-09-24,Wireless Headset,Electronics,South,26,1478.74,38447.24,Alice Johnson
109,C1276,28/12/2024,Monitor,Electronics,,4,1571.27,6285.08,James Taylor
110,C3757,2023-10-03,Office Chair,Furniture,West,4,208.98,835.92,Bob Smith
111,C1937,2023-02-28,Office Chair,Furniture,East,19,2101.56,39929.64,David Lee
112,C2157,2024-01-19,Laptop Pro,Electronics,South,10,893.71,8937.1,Frank Davis
113,C6315,2023-11-07,Monitor,Electronics,North,,505.7,9102.6,Carol White
114,C2786,2023-01-06,Mechanical Keyboard,Electronics,North,12,1235.26,14823.12,David Lee
115,C3989,2023-04-27,Laptop Pro,Electronics,East,23,,57754.84,David Lee
116,C6675,2024-05-11,Office Chair,Furniture,West,23,2784.74,64049.02,Bob Smith
117,C2587,2023-09-19,Laptop Pro,Electronics,East,22,2355.03,51810.66,Henry Wilson
118,C4749,2023-04-23,Smart Watch,Wearables,West,17,1421.17,24159.89,David Lee
119,C8322,2024-04-02,Smart Watch,Wearables,South,11,117.15,1288.65,Frank Davis
120,C6638,23/11/2023,Smart Watch,Wearables,North,5,1004.29,5021.45,James Taylor
121,C4126,2024-08-07,Mechanical Keyboard,Electronics,South,21,2436.62,51169.02,Grace Kim
122,C7366,2024-01-30,USB Hub,Accessories,East,,2953.41,62021.61,Alice Johnson
123,C3216,2024-02-05,Office Chair,Furniture,East,20,2711.97,54239.4,Frank Davis
124,C1550,2023-06-02,Standing Desk,Furniture,East,6,2177.96,13067.76,Henry Wilson
125,C5271,2023-10-02,Smart Watch,Wearables,North,29,477.57,13849.53,Emma Brown
126,C8879,2023-02-25,Laptop Pro,Electronics,East,,374.99,2249.94,Henry Wilson
127,C2574,2024-08-28,Monitor,Electroncs,South,10,2081.62,20816.2,David Lee
128,C2894,2024-07-02,Standing Desk,Furniture,North,3,1291.19,3873.57,David Lee
129,C5844,2023-01-11,Wireless Headset,Electronics,South,7,502.33,3516.31,Frank Davis
130,C4221,2023-07-29,Laptop Pro,Electronics,North,27,-22.22,29119.5,James Taylor
131,C1092,2024-11-01,Monitor,Electronics,East,12,2273.76,27285.12,Irene Park
132,C5674,2023-12-08,Wireless Headset,Electronics,West,10,1539.75,15397.5,Henry Wilson
133,C1141,2024-03-27,Desk Lamp,Furniture,West,16,853.31,13652.96,Alice Johnson
134,C9783,2023-05-29,Mechanical Keyboard,Electronics,East,5,623.27,3116.35,Frank Davis
135,C8168,2024-02-20,USB Hub,Accessories,North,20,2885.04,57700.8,Grace Kim
136,C3377,2023-08-05,Desk Lamp,Furniture,East,1,2816.7,2816.7,David Lee
136,C3377,2023-08-05,Desk Lamp,Furniture,East,1,2816.7,2816.7,David Lee
138,C5831,2023-01-20,Standing Desk,Furniture,South,9,977.87,8800.83,Alice Johnson
139,C9532,2024-04-22,Smart Watch,Wearables,South,16,276.93,4430.88,Bob Smith
140,C2851,2024-06-26,Standing Desk,Furniture,West,4,480.65,1922.6,David Lee
141,C5075,2023-10-02,Monitor,Electronics,West,30,990.33,29709.9,Henry Wilson
142,C3318,2023-04-05,Mechanical Keyboard,Electronics,East,18,661.88,11913.84,Alice Johnson
143,C3441,2024-10-30,Desk Lamp,Furniture,East,5,1975.11,9875.55,Henry Wilson
144,C9948,2024-06-20,Smart Watch,Wearables,South,16,918.63,14698.08,David Lee
145,C8416,2023-04-17,Wireless Headset,Electronics,North,27,116.09,3134.43,Alice Johnson
146,C6460,2023-11-10,USB Hub,Accessories,East,29,1488.52,43167.08,Emma Brown
146,C6460,2023-11-10,USB Hub,Accessories,East,29,1488.52,43167.08,Emma Brown
148,C6390,2023-04-08,USB Hub,Accessories,North,23,1284.26,29537.98,David Lee
149,C5699,2024-06-29,USB Hub,Accessories,West,23,2135.0,49105.0,Frank Davis
150,C2297,2024-07-13,Office Chair,Furniture,South,14,213.39,2987.46,Alice Johnson
151,C6810,2023-07-12,Monitor,Electronics,West,27,2861.95,77272.65,James Taylor
152,C8131,2024-12-31,Mechanical Keyboard,Electronics,South,20,2282.31,45646.2,James Taylor
153,C1824,2023-09-17,Smart Watch,Wearables,North,10,709.28,7092.8,Frank Davis
154,C1176,11/1/2024,Laptop Pro,Electronics,West,3,241.44,724.32,Alice Johnson
155,C4869,2024-03-01,USB Hub,Accessories,South,15,2730.52,40957.8,Bob Smith
156,C4630,2023-12-23,Laptop Pro,Electronics,North,27,564.69,15246.63,Emma Brown
157,C1118,2024-03-26,Laptop Pro,Electronics,South,23,1698.27,39060.21,Henry Wilson
158,C9564,2023-06-29,Smart Watch,Wearables,East,9,474.06,4266.54,James Taylor
159,C3610,2024-12-05,Laptop Pro,Electronics,East,25,1538.94,38473.5,Grace Kim
160,C6977,2023-09-06,Wireless Headset,Electronics,North,25,428.59,10714.75,Henry Wilson
160,C6977,2023-09-06,Wireless Headset,Electronics,North,25,428.59,10714.75,Henry Wilson
162,C2361,2024-06-27,Monitor,Electronics,North,23,1034.14,23785.22,Irene Park
163,C5641,2023-10-29,Monitor,Electronics,,28,2163.93,60590.04,Frank Davis
164,C7326,7/7/2024,USB Hub,Accessories,East,,141.39,282.78,Bob Smith
165,C4526,15/11/2023,Webcam,Electronics,West,1,2748.33,2748.33,Alice Johnson
166,C7960,2023-09-28,Monitor,Electronics,East,30,607.12,18213.6,David Lee
167,C4236,2024-05-05,Webcam,Electronics,West,29,1604.62,46533.98,Frank Davis
168,C5148,2023-05-06,Mechanical Keyboard,Electronics,East,17,1744.83,29662.11,Alice Johnson
168,C5148,2023-05-06,Mechanical Keyboard,Electronics,East,17,1744.83,29662.11,Alice Johnson
170,C3813,2024-10-26,Webcam,Electronics,West,13,2095.54,27242.02,Grace Kim
171,C7043,2023-08-24,Mechanical Keyboard,Electronics,East,19,1386.02,26334.38,Emma Brown
172,C8826,2024-05-16,Webcam,accessory,East,5,1540.52,7702.6,Frank Davis
173,C1100,2023-01-13,Monitor,Electronics,East,14,1747.91,24470.74,Emma Brown
174,C2209,2024-06-26,Wireless Headset,Electronics,East,11,320.47,3525.17,Grace Kim
175,C2444,2024-07-13,Desk Lamp,Furniture,North,11,2349.46,25844.06,Bob Smith
176,C9461,2023-07-23,Monitor,Electronics,West,25,2236.28,55907.0,  James Taylor  
177,C7270,2023-02-16,Webcam,Electronics,North,12,2251.06,27012.72,David Lee
178,C1033,2023-08-29,Wireless Headset,Electronics,South,6,358.28,2149.68,Bob Smith
179,C5465,2024-08-14,Standing Desk,Electroncs,South,17,894.45,15205.65,Carol White
180,C5597,2023-04-20,Desk Lamp,electronics,North,1,1554.7,1554.7,  Emma Brown  
181,C4102,2023-12-05,USB Hub,Accessories,North,27,2157.14,58242.78,David Lee
182,C5263,2024-03-11,Office Chair,Furniture,South,30,1788.47,53654.1,James Taylor
183,C2037,2023-08-11,Standing Desk,Furniture,West,27,1961.54,52961.58,Irene Park
184,C9493,2024-02-25,Office Chair,Furniture,North,2,2105.87,4211.74,Emma Brown
185,C8280,2024-10-24,Webcam,Electronics,EAST,14,2663.96,37295.44,Frank Davis
186,C6975,2024-05-28,Wireless Headset,Electronics,South,2,1730.24,3460.48,David Lee
187,C3630,2023-04-09,Wireless Headset,Electronics,West,17,1510.98,25686.66,David Lee
188,C2998,2023-02-08,Monitor,Electronics,West,7,1260.34,8822.38,Alice Johnson
189,C8316,2023-02-19,Desk Lamp,Furniture,west,13,2778.2,36116.6,Alice Johnson
190,C5227,2024-08-05,Laptop Pro,Electronics,South,13,682.74,8875.62,Grace Kim
191,C9377,2024-11-18,Monitor,Electronics,North,21,301.26,6326.46,Emma Brown
192,C2767,2023-03-21,Desk Lamp,Furniture,North,17,1394.67,23709.39,Henry Wilson
193,C8782,2023-02-10,Laptop Pro,Electronics,East,14,196.49,2750.86,Frank Davis
194,C8294,2023-04-19,Mechanical Keyboard,Electronics,East,16,2353.34,37653.44,Frank Davis
195,C8080,2023-09-28,Smart Watch,Wearables,South,8,2027.41,16219.28,Irene Park
196,C3290,2023-07-25,Mechanical Keyboard,Electronics,South,24,2736.28,65670.72,Henry Wilson
197,C4829,2024-08-18,Wireless Headset,Electronics,West,18,2486.28,44753.04,James Taylor
198,C5479,2024-06-16,Desk Lamp,Furniture,East,20,1398.01,27960.2,Carol White
199,C7127,2024-06-14,Smart Watch,Wearables,West,11,1665.1,18316.1,Alice Johnson
200,C9511,2023-11-14,Standing Desk,Furniture,West,25,810.01,20250.25,David Lee
201,C1563,2024-03-14,Desk Lamp,Furniture,East,9,1424.12,12817.08,Bob Smith
202,C9555,2023-02-22,Webcam,Electronics,North,14,1066.93,14937.02,Irene Park
203,C1681,2023-04-25,Laptop Pro,Electronics,North,30,2077.51,62325.3,Henry Wilson
204,C2841,2024-12-06,Webcam,Electronics,West,14,2116.14,29625.96,Bob Smith
205,C7986,2023-07-01,Laptop Pro,Wearable,South,9,1126.08,10134.72,Alice Johnson
206,C5259,2024-11-06,Wireless Headset,Electronics,South,21,2153.81,45230.01,Irene Park
207,C5374,2023-11-07,Monitor,Electronics,,26,2116.58,55031.08,Grace Kim
208,C4677,2023-05-25,USB Hub,Accessories,south,25,2009.75,50243.75,Irene Park
209,C1980,2023-12-05,Wireless Headset,Electronics,South,22,881.72,19397.84,Alice Johnson
210,C3677,2024-10-14,Desk Lamp,Furniture,South,12,348.33,4179.96,James Taylor
211,C4614,2023-01-24,Office Chair,Furniture,East,6,225.19,1351.14,Grace Kim
212,C8933,2024-02-16,Office Chair,Furniture,East,5,1633.04,8165.2,Alice Johnson
213,C6027,2023-12-24,USB Hub,Accessories,South,16,807.03,12912.48,  Irene Park  
214,C5927,2023-08-13,Mechanical Keyboard,Electronics,East,29,994.17,28830.93,Alice Johnson
215,C9915,2024-04-04,Mechanical Keyboard,Electronics,West,,264.58,1852.06,Bob Smith
216,C4187,2023-03-17,Webcam,Electronics,North,3,222.99,668.97,Bob Smith
217,C1195,2023-02-08,USB Hub,Accessories,South,13,2337.11,30382.43,Frank Davis
218,C5983,2024-02-08,Webcam,Electronics,East,16,2184.17,34946.72,David Lee
218,C5983,2024-02-08,Webcam,Electronics,East,16,2184.17,34946.72,David Lee
220,C7418,2023-08-06,Smart Watch,Wearables,West,10,1461.57,14615.7,Henry Wilson
221,C8203,2024-06-28,USB Hub,Accessories,south,29,2024.0,58696.0,David Lee
222,C9762,2023-06-10,Standing Desk,Furniture,East,26,898.3,23355.8,James Taylor
223,C3988,2023-05-19,Standing Desk,Furniture,South,,862.85,6902.8,Grace Kim
224,C9228,2023-07-30,Laptop Pro,Electronics,South,22,1088.65,23950.3,Carol White
225,C5651,2023-09-02,Desk Lamp,Furniture,East,30,692.98,20789.4,Irene Park
226,C3997,2024-04-24,Mechanical Keyboard,Electronics,East,21,2402.19,50445.99,Grace Kim
227,C9054,2023-04-28,Laptop Pro,Electronics,South,9,2563.17,23068.53,Bob Smith
228,C8863,2024-09-14,Wireless Headset,Electronics,East,17,1333.39,22667.63,Carol White
229,C5880,2023-06-30,Mechanical Keyboard,Electronics,South,29,1590.05,46111.45,Emma Brown
230,C7888,2024-01-05,Office Chair,Furniture,South,16,2557.46,40919.36,Alice Johnson
231,C8238,2023-12-12,Standing Desk,Furniture,North,28,942.63,26393.64,Carol White
232,C1988,2023-07-16,Standing Desk,Furniture,East,15,488.2,7323.0,Grace Kim
233,C8577,2023-07-31,Standing Desk,Furniture,South,27,1170.97,31616.19,Carol White
234,C2477,2024-04-07,Smart Watch,Wearables,East,7,2333.48,16334.36,Bob Smith
235,C4134,2023-03-30,Standing Desk,Furniture,west,12,2277.79,27333.48,Irene Park
236,C8200,2024-11-11,Mechanical Keyboard,Electronics,South,22,1965.22,43234.84,Henry Wilson
237,C1270,2024-08-27,Mechanical Keyboard,Electronics,West,3,2894.57,8683.71,Carol White
238,C4688,2024-07-12,Office Chair,Furniture,North,12,2671.11,32053.32,Grace Kim
239,C6975,2023-08-29,Office Chair,Furniture,East,28,1995.26,55867.28,Irene Park
240,C6170,2023-08-05,Desk Lamp,Furniture,North,13,2954.69,38410.97,Grace Kim
241,C7877,2024-01-15,Desk Lamp,Furniture,East,16,2891.29,46260.64,David Lee
242,C3515,2023-08-04,Desk Lamp,Furniture,South,30,1854.27,55628.1,David Lee
243,C8433,2023-09-26,Webcam,Electronics,West,23,2717.41,62500.43,Alice Johnson
244,C4111,2023-03-17,Monitor,Electronics,East,23,467.69,10756.87,Carol White
245,C7931,2024-10-26,Office Chair,Furniture,North,5,2369.3,11846.5,Bob Smith
246,C5306,2023-05-12,Mechanical Keyboard,Electronics,East,4,671.3,2685.2,Alice Johnson
247,C9399,2024-10-02,Standing Desk,Furniture,North,30,1665.86,49975.8,Carol White
248,C9776,2024-04-17,Laptop Pro,Electronics,west,11,1209.97,13309.67,Irene Park
249,C6515,2024-06-21,Standing Desk,Furniture,East,28,2216.49,62061.72,Henry Wilson
250,C3771,2023-06-23,Mechanical Keyboard,Electronics,West,15,2127.34,31910.1,James Taylor
251,C8295,2024-12-10,Desk Lamp,Furniture,,15,2087.77,31316.55,Bob Smith
252,C2416,2024-07-11,Webcam,Electronics,West,7,661.4,4629.8,Irene Park
253,C3874,2024-12-22,Desk Lamp,Furniture,East,9,1866.76,16800.84,
254,C3475,2023-05-12,Office Chair,Furniture,East,27,1840.62,49696.74,Frank Davis
255,C5427,2024-01-01,Smart Watch,Wearables,East,29,1085.31,31473.99,Alice Johnson
256,C9723,2023-04-18,Standing Desk,Furniture,NORTH,12,1677.59,1931163.01,Frank Davis
257,C9847,2024-09-02,Standing Desk,Furniture,West,26,1246.61,32411.86,Irene Park
258,C6647,2024-03-31,Mechanical Keyboard,Electronics,West,25,1338.58,33464.5,David Lee
259,C4639,2024-09-08,Laptop Pro,Electronics,West,12,791.92,9503.04,Carol White
260,C9011,2024-10-17,Standing Desk,Furniture,East,26,2539.95,66038.7,David Lee
261,C6145,2023-04-05,USB Hub,Accessories,South,3,2370.19,7110.57,Carol White
262,C1888,2023-10-06,Wireless Headset,Electronics,East,24,2298.14,55155.36,Henry Wilson
263,C6115,2024-08-08,Standing Desk,Furniture,South,5,2261.88,11309.4,James Taylor
264,C9537,2024-10-25,Office Chair,Furniture,East,7,2746.39,19224.73,David Lee
265,C1573,2024-09-22,Mechanical Keyboard,Electronics,North,9,359.81,3238.29,Carol White
266,C6282,2023-08-28,USB Hub,Accessories,North,3,2797.18,8391.54,Irene Park
267,C7748,20/10/2023,Smart Watch,Wearables,West,24,758.23,18197.52,Irene Park
268,C6093,2023-01-05,Laptop Pro,Electronics,,4,2958.14,11832.56,Irene Park
269,C9771,2024-02-08,Monitor,Electronics,South,2,793.64,1587.28,Frank Davis
270,C2185,2024-01-07,Webcam,Electronics,East,24,2448.63,58767.12,Carol White
270,C2185,2024-01-07,Webcam,Electronics,East,24,2448.63,58767.12,Carol White
272,C6641,2024-04-23,Webcam,Electronics,North,17,646.51,10990.67,David Lee
273,C6096,2024-09-11,Standing Desk,Furniture,East,6,2080.71,12484.26,Carol White
274,C1954,2023-04-15,Mechanical Keyboard,FURNITURE,East,6,327.32,1963.92,Henry Wilson
275,C2859,2024-06-19,Smart Watch,Wearables,East,3,1686.52,5059.56,Emma Brown
276,C9055,2024-08-20,USB Hub,Accessories,North,17,612.18,10407.06,  James Taylor  
277,C9705,2023-08-06,Webcam,Electronics,North,11,431.52,4746.72,Henry Wilson
278,C6693,2023-11-17,Desk Lamp,Furniture,North,7,2639.41,18475.87,Grace Kim
279,C4947,2023-04-26,Monitor,Electronics,West,30,1124.11,33723.3,Carol White
280,C8539,2024-09-18,Monitor,Electronics,North,10,2116.88,21168.8,Henry Wilson
281,C6489,2024-06-11,Standing Desk,Furniture,East,11,1468.62,16154.82,Carol White
282,C4154,2024-07-30,Webcam,Electronics,West,5,1814.81,9074.05,Carol White
283,C2992,2024-10-16,Standing Desk,Furniture,East,12,2618.16,31417.92,Irene Park
284,C3820,2023-10-07,Laptop Pro,Electronics,North,4,2026.32,8105.28,Emma Brown
285,C7131,2023-10-08,Desk Lamp,Furniture,West,,2288.76,29753.88,Bob Smith
286,C5763,2023-12-26,Wireless Headset,Electronics,North,16,1313.13,21010.08,Carol White
287,C6111,2023-08-27,Wireless Headset,Electronics,West,18,297.23,5350.14,  Irene Park  
288,C5788,2023-09-19,Monitor,Electronics,East,13,-184.48,26286.91,Henry Wilson
289,C6130,2023-05-31,Wireless Headset,Electronics,South,11,2635.96,28995.56,Carol White
289,C6130,2023-05-31,Wireless Headset,Electronics,South,11,2635.96,28995.56,Carol White
291,C6365,2024-03-21,Webcam,Electronics,East,2,1008.38,2016.76,Irene Park
292,C1894,2024-03-29,USB Hub,Accessories,East,17,1891.22,32150.74,Alice Johnson
293,C2976,2024-10-21,Office Chair,Furniture,West,23,681.07,15664.61,Irene Park
294,C7394,2024-05-01,Desk Lamp,Furniture,South,11,2424.93,26674.23,David Lee
295,C8950,2023-01-30,Smart Watch,Wearables,East,5,1083.24,5416.2,Irene Park
296,C9711,2023-10-12,Smart Watch,Wearables,South,5,1807.03,9035.15,Alice Johnson
297,C2728,2024-05-17,Webcam,Electronics,East,23,761.51,17514.73,Emma Brown
298,C3964,2023-12-27,Desk Lamp,Furniture,South,8,1742.42,13939.36,David Lee
299,C2465,2024-12-13,Standing Desk,Furniture,North,11,2314.77,25462.47,  Frank Davis  
300,C9434,2023-06-28,Desk Lamp,Electroncs,West,14,-234.45,9725.52,David Lee
301,C2159,2023-01-21,Webcam,Electronics,East,29,432.19,12533.51,David Lee
302,C3595,2023-03-29,Smart Watch,Wearables,East,11,1197.48,13172.28,Frank Davis
303,C3488,2024-06-03,Office Chair,Furniture,East,15,402.46,6036.9,Irene Park
304,C4897,2024-03-27,Desk Lamp,Furniture,West,4,1066.83,4267.32,David Lee
304,C4897,2024-03-27,Desk Lamp,Furniture,West,4,1066.83,4267.32,David Lee
306,C9559,2024-11-24,Desk Lamp,Furniture,North,15,2963.83,44457.45,Alice Johnson
307,C1156,2023-07-13,Mechanical Keyboard,Electronics,North,22,2336.41,51401.02,James Taylor
308,C1354,2024-11-11,Desk Lamp,Furniture,South,22,390.62,8593.64,Carol White
309,C6407,2023-03-04,Laptop Pro,Electronics,North,18,2228.48,40112.64,James Taylor
310,C5729,2023-08-02,Laptop Pro,Electronics,North,3,2969.56,8908.68,Carol White
311,C5404,2024-01-15,USB Hub,Accessories,West,28,2931.79,82090.12,Emma Brown
312,C7806,2023-06-08,Standing Desk,Furniture,NORTH,13,321.28,4176.64,Alice Johnson
313,C4983,2023-08-14,Mechanical Keyboard,Electronics,East,10,1146.46,11464.6,Irene Park
314,C5496,2023-02-07,Wireless Headset,Electronics,North,12,2958.26,35499.12,Alice Johnson
315,C3300,2023-08-07,Laptop Pro,Electronics,East,19,2967.59,56384.21,David Lee
316,C6982,2023-01-19,Monitor,Electronics,East,8,441.06,3528.48,James Taylor
317,C4233,2024-02-11,Wireless Headset,Electronics,North,30,1617.69,48530.7,Carol White
318,C6434,2023-12-02,Mechanical Keyboard,Electronics,North,15,1125.97,16889.55,Frank Davis
319,C9660,2024-02-05,Wireless Headset,Electronics,West,1,2282.78,2282.78,Alice Johnson
320,C9327,10/4/2024,Office Chair,Furniture,North,8,500.61,4004.88,Grace Kim
320,C9327,10/4/2024,Office Chair,Furniture,North,8,500.61,4004.88,Grace Kim
322,C8922,2024-05-26,Mechanical Keyboard,Electronics,north,8,525.27,4202.16,Grace Kim
323,C3354,2024-03-24,Standing Desk,Furniture,North,21,1423.27,29888.67,Frank Davis
324,C3508,2024-10-14,Smart Watch,Wearables,North,27,166.7,4500.9,James Taylor
325,C7680,2023-09-29,USB Hub,Accessories,West,30,1416.34,42490.2,Henry Wilson
326,C3158,2023-04-20,Wireless Headset,Electronics,East,4,1714.44,6857.76,Bob Smith
327,C7148,2023-12-21,Desk Lamp,Furniture,South,15,2494.63,37419.45,Carol White
328,C5217,2023-09-14,Monitor,Electronics,North,9,114.65,1031.85,Henry Wilson
329,C4480,2023-05-16,Standing Desk,Furniture,North,9,2798.12,25183.08,Alice Johnson
330,C8752,2023-07-10,Standing Desk,Furniture,West,27,2291.55,61871.85,David Lee
331,C8142,2024-11-19,USB Hub,Accessories,North,8,,4555.6,Grace Kim
332,C5538,2024-12-01,USB Hub,Accessories,West,20,1352.73,27054.6,Bob Smith
333,C9150,2023-09-19,USB Hub,Accessories,North,23,1465.1,33697.3,David Lee
333,C9150,2023-09-19,USB Hub,Accessories,North,23,1465.1,33697.3,David Lee
335,C9926,2023-07-05,Wireless Headset,Electronics,East,7,1845.45,12918.15,Carol White
336,C8327,2024-06-10,USB Hub,Accessories,West,22,2597.26,57139.72,  Bob Smith  
336,C8327,2024-06-10,USB Hub,Accessories,West,22,2597.26,57139.72,  Bob Smith  
338,C9390,2023-10-31,Wireless Headset,Electronics,North,19,1009.06,19172.14,Irene Park
339,C1039,2023-06-03,Monitor,Electronics,North,21,796.18,16719.78,
340,C1611,2024-07-21,Standing Desk,Furniture,North,8,1792.64,14341.12,Frank Davis
341,C1908,2023-08-10,Wireless Headset,Electronics,East,17,1583.04,26911.68,Frank Davis
342,C7545,2023-10-12,Mechanical Keyboard,Electronics,East,15,1314.72,19720.8,Henry Wilson
343,C2488,2024-10-14,Mechanical Keyboard,Electronics,West,22,945.16,20793.52,David Lee
344,C6274,2024-11-30,Mechanical Keyboard,Electronics,West,30,901.88,27056.4,Henry Wilson
345,C8556,2023-12-04,Laptop Pro,Electronics,West,7,1654.0,11578.0,Frank Davis
346,C2340,2024-07-26,Webcam,Electronics,North,26,2107.1,54784.6,Alice Johnson
347,C3092,2023-10-27,USB Hub,Accessories,West,4,2576.89,10307.56,Alice Johnson
348,C7816,2024-09-17,Mechanical Keyboard,Electronics,West,13,2498.99,32486.87,Irene Park
349,C1149,2024-03-22,Wireless Headset,Electronics,West,9,1345.92,12113.28,James Taylor
350,C6475,2023-05-29,Mechanical Keyboard,Electronics,West,12,579.79,6957.48,James Taylor
351,C8554,2024-11-30,Wireless Headset,Electronics,South,14,2523.46,35328.44,James Taylor
352,C2467,2023-09-21,Laptop Pro,Electronics,West,11,1272.95,14002.45,Emma Brown
353,C4804,2024-08-07,Smart Watch,Wearables,West,27,1955.78,52806.06,David Lee
354,C6136,2024-06-18,Monitor,Electronics,West,15,1699.95,25499.25,Alice Johnson
355,C9807,2024-01-18,USB Hub,Accessories,North,20,1025.54,20510.8,Frank Davis
356,C8901,2024-01-06,Smart Watch,Wearables,West,3,2970.0,8910.0,  Emma Brown  
357,C2779,2023-11-16,Smart Watch,Wearables,North,10,1724.89,17248.9,Irene Park
358,C2206,2024-05-30,Desk Lamp,Furniture,East,28,964.08,26994.24,Alice Johnson
359,C5417,2024-09-21,Smart Watch,Wearables,West,27,1237.29,33406.83,Carol White
360,C2843,2024-11-01,Mechanical Keyboard,electronics,South,6,320.11,1920.66,Irene Park
361,C8937,2024-12-05,USB Hub,Accessories,West,19,2260.88,42956.72,Bob Smith
362,C2539,2024-05-31,Webcam,Electronics,West,30,2693.57,80807.1,James Taylor
363,C4585,2024-10-04,Standing Desk,Furniture,West,23,2836.96,65250.08,Irene Park
364,C4302,2023-09-05,Mechanical Keyboard,Electronics,East,18,2167.95,39023.1,Henry Wilson
364,C4302,2023-09-05,Mechanical Keyboard,Electronics,East,18,2167.95,39023.1,Henry Wilson
366,C7469,2024-02-21,Webcam,Electroncs,East,22,2041.56,44914.32,Bob Smith
367,C6387,2023-04-16,USB Hub,Accessories,East,15,1748.01,26220.15,Bob Smith
368,C2459,2024-06-30,Office Chair,Furniture,West,16,463.01,7408.16,Irene Park
369,C5024,5/8/2024,Smart Watch,Wearables,,8,2142.76,17142.08,Grace Kim
370,C6668,2024-02-03,Monitor,Electronics,West,27,2640.42,71291.34,Bob Smith
371,C3805,2023-08-16,Wireless Headset,Electronics,North,28,2652.98,74283.44,Alice Johnson
372,C7574,2024-02-13,Mechanical Keyboard,Electronics,South,13,2560.84,33290.92,Carol White
372,C7574,2024-02-13,Mechanical Keyboard,Electronics,South,13,2560.84,33290.92,Carol White
374,C4357,2024-07-27,Mechanical Keyboard,Electronics,East,11,1611.45,17725.95,James Taylor
375,C4250,2023-05-29,Smart Watch,Wearables,West,25,2249.73,56243.25,Irene Park
375,C4250,2023-05-29,Smart Watch,Wearables,West,25,2249.73,56243.25,Irene Park
377,C6181,2023-05-13,Laptop Pro,Electronics,South,21,1823.68,38297.28,Bob Smith
378,C2508,2024-02-10,Laptop Pro,Electronics,West,14,619.9,8678.6,Bob Smith
379,C1669,2024-08-06,Mechanical Keyboard,Electronics,North,5,2231.82,11159.1,
380,C8487,2024-04-28,Mechanical Keyboard,Electronics,East,13,760.22,9882.86,Carol White
381,C7212,2024-10-02,USB Hub,Accessories,South,3,2506.06,7518.18,Emma Brown
382,C2061,2023-12-15,Monitor,Electronics,North,1,577.47,577.47,Grace Kim
383,C8633,2023-03-19,Office Chair,Furniture,South,26,388.0,10088.0,Alice Johnson
384,C1896,2023-05-25,Wireless Headset,Electronics,South,6,1661.41,9968.46,Alice Johnson
385,C2371,2023-10-20,Desk Lamp,Furniture,South,25,-214.65,17660.0,Irene Park
386,C6550,2024-06-04,Smart Watch,Wearables,South,11,2792.74,30720.14,David Lee
387,C8023,2024-08-29,USB Hub,Accessories,SOUTH,28,2463.56,68979.68,  Emma Brown  
388,C6206,2024-07-10,Webcam,Electronics,East,8,1522.8,12182.4,Henry Wilson
389,C1180,2024-03-06,USB Hub,Accessories,North,19,628.21,11935.99,James Taylor
390,C5344,2023-08-23,Desk Lamp,Furniture,west,22,2621.26,57667.72,Henry Wilson
391,C5675,2024-01-05,USB Hub,Accessories,East,,840.16,6721.28,Grace Kim
392,C7448,2023-11-18,Office Chair,Furniture,West,28,1561.56,43723.68,Emma Brown
393,C5605,2024-04-08,USB Hub,Accessories,South,30,606.79,18203.7,Grace Kim
394,C6823,18/10/2024,Standing Desk,Furniture,East,4,1452.58,5810.32,Henry Wilson
395,C3543,18/12/2023,Desk Lamp,Furniture,North,21,851.37,17878.77,David Lee
396,C8640,2023-03-15,Office Chair,Wearable,,20,2066.54,41330.8,Irene Park
397,C2416,2024-01-29,Wireless Headset,Electronics,South,16,2969.21,47507.36,Bob Smith
398,C1451,2023-01-06,Desk Lamp,Furniture,East,25,1430.45,35761.25,James Taylor
399,C5906,2023-04-10,Office Chair,Furniture,West,7,1031.0,7217.0,Bob Smith
400,C1377,2024-06-13,Office Chair,Furniture,South,8,265.63,2125.04,Alice Johnson
401,C4412,2023-07-20,Laptop Pro,Electronics,East,27,1236.19,33377.13,James Taylor
402,C3144,2024-07-11,Webcam,Electronics,North,8,,18430.4,David Lee
403,C6683,2023-09-13,Smart Watch,Wearables,East,2,2746.86,5493.72,James Taylor
404,C2326,2023-02-01,Desk Lamp,Furniture,North,10,728.03,7280.3,Carol White
405,C7114,2024-07-05,Office Chair,Furniture,East,15,714.22,10713.3,Irene Park
406,C2439,2023-12-07,Office Chair,Furniture,South,9,2374.27,21368.43,Irene Park
407,C8208,2024-02-14,Smart Watch,Wearables,North,27,2848.06,76897.62,Emma Brown
407,C8208,2024-02-14,Smart Watch,Wearables,North,27,2848.06,76897.62,Emma Brown
409,C2641,13/4/2023,Standing Desk,Furniture,North,24,1083.97,26015.28,James Taylor
410,C5612,2023-09-04,Mechanical Keyboard,Electronics,South,3,821.29,2463.87,Irene Park
411,C9835,2024-09-29,Standing Desk,Furniture,SOUTH,3,686.18,2058.54,Bob Smith
412,C3567,2024-01-06,Mechanical Keyboard,Electronics,West,12,515.12,6181.44,Carol White
413,C8181,2023-11-15,Office Chair,Furniture,South,5,2926.87,14634.35,Frank Davis
414,C7253,2024-10-08,Webcam,Electronics,North,17,1485.1,25246.7,Emma Brown
415,C4808,2023-06-08,Mechanical Keyboard,Electronics,NORTH,20,2080.04,41600.8,Bob Smith
416,C9979,2023-12-11,Smart Watch,Wearables,North,25,1069.56,26739.0,Irene Park
417,C8453,2023-07-23,Wireless Headset,Electronics,South,13,213.11,2770.43,Irene Park
418,C7607,2024-07-29,Office Chair,Furniture,North,26,1785.84,46431.84,Frank Davis
419,C9830,2023-08-03,Desk Lamp,Furniture,East,10,2408.65,24086.5,Bob Smith
420,C4798,2023-11-05,Webcam,Electronics,West,8,1339.15,10713.2,James Taylor
421,C3132,2024-01-19,Webcam,Electronics,West,25,1571.23,39280.75,Emma Brown
422,C2967,2024-07-02,Mechanical Keyboard,Electronics,South,2,158.54,317.08,Henry Wilson
423,C6503,2024-04-17,Desk Lamp,Furniture,North,20,584.47,11689.4,Henry Wilson
424,C2746,2024-10-14,Laptop Pro,Electronics,South,20,1870.63,37412.6,Grace Kim
425,C8652,2024-02-05,Laptop Pro,Electronics,East,21,2958.31,62124.51,James Taylor
426,C5654,2024-03-25,Laptop Pro,Electronics,East,29,2853.33,82746.57,Emma Brown
427,C3382,2024-11-16,Smart Watch,Wearables,North,12,1009.89,12118.68,Grace Kim
428,C4552,2023-08-23,USB Hub,Accessories,West,6,2480.93,14885.58,David Lee
429,C5968,2024-07-23,Wireless Headset,Electronics,West,26,1519.67,39511.42,David Lee
430,C6182,2024-12-08,USB Hub,Accessories,South,13,853.75,11098.75,Grace Kim
431,C2974,2023-01-20,Office Chair,Furniture,East,13,841.16,10935.08,Grace Kim
432,C2977,30/5/2024,Wireless Headset,Electronics,East,15,2903.0,43545.0,David Lee
433,C6426,2023-02-01,Laptop Pro,Electronics,North,26,2461.33,63994.58,Emma Brown
434,C4491,2024-05-22,Webcam,Electronics,South,4,409.19,1636.76,James Taylor
435,C1435,2023-04-14,Wireless Headset,Electronics,West,6,-226.06,12204.24,Bob Smith
436,C4177,2024-04-09,Desk Lamp,Furniture,West,12,1844.45,22133.4,Frank Davis
437,C9738,2024-03-12,Monitor,Electronics,East,19,2730.54,51880.26,James Taylor
438,C4926,6/8/2023,Office Chair,Furniture,West,9,2040.81,18367.29,Grace Kim
439,C7884,2023-02-09,Smart Watch,Wearables,South,9,981.95,8837.55,Grace Kim
440,C4085,2023-03-25,Webcam,Electronics,West,7,1915.66,13409.62,James Taylor
441,C2301,2024-04-28,Smart Watch,Wearables,South,,1330.65,7983.9,Alice Johnson
442,C5690,2023-09-19,Webcam,Electronics,South,20,1325.35,26507.0,James Taylor
443,C1961,2024-06-17,Office Chair,Furniture,North,5,1553.27,7766.35,James Taylor
444,C8635,2023-11-27,Wireless Headset,Electronics,East,11,1017.02,11187.22,Grace Kim
445,C4801,2023-04-29,Wireless Headset,Electronics,South,24,2667.47,64019.28,David Lee
446,C4815,2023-01-19,Standing Desk,Furniture,East,27,1846.29,49849.83,Grace Kim
447,C1489,2024-11-03,Office Chair,Furniture,SOUTH,13,1707.94,22203.22,Grace Kim
448,C7628,2024-04-01,Smart Watch,Wearables,West,11,947.99,10427.89,  Irene Park  
449,C5794,2023-04-03,Smart Watch,Wearables,North,21,499.38,10486.98,Emma Brown
450,C7913,2023-12-23,Mechanical Keyboard,Electronics,West,8,332.05,2656.4,Carol White
451,C9538,2024-01-28,USB Hub,Accessories,South,20,2488.06,49761.2,Henry Wilson
452,C8157,2023-08-31,Monitor,Electronics,North,9,317.18,2854.62,Alice Johnson
453,C4425,2023-04-03,Smart Watch,Wearables,West,10,668.93,6689.3,David Lee
454,C9990,2024-11-19,Wireless Headset,Electronics,South,19,1958.6,37213.4,Irene Park
455,C8798,2024-10-18,Wireless Headset,Electronics,North,4,2597.27,10389.08,Carol White
456,C3637,2023-02-01,Office Chair,Furniture,South,18,2633.06,47395.08,James Taylor
457,C2266,2024-05-18,Wireless Headset,Electronics,West,4,765.64,3062.56,Alice Johnson
458,C7396,2024-03-11,Desk Lamp,Furniture,East,1,1853.76,1853.76,Emma Brown
459,C4653,2023-03-02,Laptop Pro,Electronics,West,18,161.69,2910.42,David Lee
460,C3524,2023-04-02,Standing Desk,Furniture,North,1,2762.99,2762.99,Irene Park
461,C1151,2024-12-23,Standing Desk,Furniture,South,4,1153.78,4615.12,Irene Park
462,C3370,2024-09-12,Desk Lamp,Furniture,South,15,953.24,14298.6,Irene Park
463,C5934,2024-01-19,Office Chair,electronics,South,24,2242.37,53816.88,Alice Johnson
464,C3808,2023-12-02,Standing Desk,Furniture,East,12,2436.88,29242.56,Frank Davis
465,C6062,2024-06-01,Smart Watch,Wearables,East,1,165.48,165.48,James Taylor
466,C9384,2023-05-10,Standing Desk,Furniture,West,16,2441.8,39068.8,  Irene Park  
467,C7787,2024-05-25,Webcam,Electronics,South,24,694.7,16672.8,Carol White
468,C2492,2023-04-11,USB Hub,Accessories,South,,1275.86,11482.74,Emma Brown
469,C5042,2023-09-04,Smart Watch,Wearables,North,13,2170.3,28213.9,Irene Park
470,C2426,2024-08-04,Standing Desk,Furniture,South,13,2549.78,33147.14,David Lee
471,C2054,2023-03-20,USB Hub,Accessories,South,16,2423.41,38774.56,Henry Wilson
472,C7489,2024-08-13,Standing Desk,Furniture,South,9,376.8,3391.2,Frank Davis
473,C1417,2023-06-15,Mechanical Keyboard,Electronics,South,11,2979.82,32778.02,Alice Johnson
474,C7040,2024-12-28,Monitor,Electronics,East,24,367.25,8814.0,Frank Davis
475,C5189,2023-11-22,Monitor,Electronics,East,27,1819.65,49130.55,Bob Smith
476,C7456,2024-02-29,Mechanical Keyboard,Electronics,North,22,56.19,1236.18,  Carol White  
477,C1960,2024-09-22,Mechanical Keyboard,Electronics,North,11,2354.97,25904.67,Bob Smith
478,C1249,2024-11-12,Mechanical Keyboard,Electronics,West,9,2603.29,23429.61,Alice Johnson
479,C1713,2024-07-22,Webcam,Electronics,West,15,1963.17,29447.55,Emma Brown
480,C9172,2024-05-17,Smart Watch,Wearables,South,25,65.95,1648.75,Henry Wilson
481,C2730,2023-10-29,Office Chair,Furniture,North,18,2209.72,39774.96,Carol White
481,C2730,2023-10-29,Office Chair,Furniture,North,18,2209.72,39774.96,Carol White
483,C9925,1/4/2023,Webcam,Electronics,West,8,1758.9,14071.2,James Taylor
484,C1401,11/2/2024,Monitor,Electronics,East,29,1995.69,57875.01,Alice Johnson
484,C1401,11/2/2024,Monitor,Electronics,East,29,1995.69,57875.01,Alice Johnson
486,C9118,2023-09-01,Smart Watch,Wearables,South,10,2656.59,26565.9,David Lee
487,C5285,2023-02-25,Monitor,Electronics,East,22,543.94,11966.68,Frank Davis
488,C7791,2023-11-04,Mechanical Keyboard,Electronics,West,20,2600.08,52001.6,David Lee
489,C9001,2023-07-26,Desk Lamp,Furniture,South,23,314.39,7230.97,Emma Brown
490,C7493,2023-03-18,Wireless Headset,Electronics,SOUTH,,-492.58,10214.04,Henry Wilson
491,C7471,2024-05-04,Laptop Pro,Electronics,North,23,430.78,9907.94,Bob Smith
492,C5063,2024-08-12,Monitor,Electronics,East,12,829.21,9950.52,  Bob Smith  
493,C9994,2024-11-14,Standing Desk,Furniture,South,20,2298.14,45962.8,Henry Wilson
494,C4156,2024-03-06,Mechanical Keyboard,Electronics,West,,1300.0,27300.0,Carol White
495,C2865,2024-05-11,Mechanical Keyboard,Electronics,North,29,1971.51,57173.79,Carol White
496,C2765,2023-06-14,USB Hub,Accessories,West,1,2888.81,2888.81,Frank Davis
497,C5844,2024-08-24,Office Chair,Furniture,North,4,1463.96,5855.84,Emma Brown
498,C6593,2023-12-08,Webcam,Electronics,North,17,258.52,4394.84,David Lee
499,C9957,2024-04-20,USB Hub,Accessories,North,15,2239.42,33591.3,Frank Davis
499,C9957,2024-04-20,USB Hub,Accessories,North,15,2239.42,33591.3,Frank Davis
501,C8995,2023-06-01,Webcam,Electronics,West,23,918.72,21130.56,James Taylor
502,C4618,2024-10-14,Standing Desk,Furniture,North,27,626.1,16904.7,Emma Brown
503,C8471,2024-07-08,Mechanical Keyboard,Electronics,West,13,2277.73,29610.49,David Lee
504,C3266,2024-08-11,Webcam,Electronics,East,9,1712.61,15413.49,Alice Johnson
505,C9261,2023-07-21,Smart Watch,Wearables,North,11,922.24,10144.64,Alice Johnson
506,C8630,2023-02-15,Laptop Pro,Electronics,South,26,823.83,21419.58,Carol White
507,C2468,2023-01-14,Webcam,Electronics,East,18,2431.2,43761.6,Irene Park
508,C9272,2023-08-24,Smart Watch,accessory,South,17,2670.73,45402.41,Henry Wilson
509,C1073,2023-08-16,Smart Watch,Wearables,East,16,911.6,14585.6,Carol White
510,C4877,2023-12-21,Wireless Headset,Electronics,South,6,336.23,2017.38,James Taylor
511,C7027,2024-05-06,Webcam,Electronics,East,9,1343.24,12089.16,Frank Davis
512,C7101,2023-12-24,Smart Watch,Wearables,East,15,2015.87,30238.05,  David Lee  
513,C2502,2024-12-08,Mechanical Keyboard,Electronics,South,11,1232.15,13553.65,James Taylor
514,C1561,2023-12-17,Desk Lamp,Furniture,South,20,1505.46,30109.2,David Lee
515,C4614,2024-11-18,USB Hub,Accessories,East,19,1828.89,34748.91,Henry Wilson
516,C3372,2024-03-21,Office Chair,Furniture,West,21,1535.61,32247.81,Emma Brown
517,C6851,2023-09-22,Office Chair,Furniture,North,17,956.04,16252.68,Henry Wilson
518,C2636,2023-08-09,Laptop Pro,Electronics,North,24,2169.01,52056.24,James Taylor
519,C4655,2023-07-12,Desk Lamp,Furniture,North,10,2562.71,25627.1,Grace Kim
520,C6263,2023-05-17,Office Chair,Furniture,West,19,,33340.44,Emma Brown
521,C6917,2024-03-27,Laptop Pro,Electronics,South,30,2273.11,68193.3,James Taylor
522,C4017,2024-08-09,Laptop Pro,Electronics,East,17,293.76,4993.92,Alice Johnson
523,C6353,2024-07-22,Smart Watch,Wearables,SOUTH,29,1290.54,6983422.13,Frank Davis
524,C9573,2023-12-21,Webcam,Electronics,West,24,2572.64,61743.36,Bob Smith
525,C7964,2024-07-12,Standing Desk,Furniture,North,26,2508.93,65232.18,Carol White
526,C3328,2023-01-22,Laptop Pro,Electronics,West,7,2234.1,15638.7,James Taylor
527,C8100,2023-01-11,Mechanical Keyboard,Electronics,North,21,1103.89,23181.69,Irene Park
528,C5246,2023-01-28,Smart Watch,Wearables,North,23,2045.34,47042.82,Irene Park
529,C2497,2023-01-26,Mechanical Keyboard,Electronics,West,13,912.46,11861.98,James Taylor
530,C2563,2024-04-12,USB Hub,Accessories,South,6,2990.47,17942.82,Henry Wilson
531,C9126,2024-09-20,Monitor,Electronics,East,18,2934.74,52825.32,Alice Johnson
532,C7310,2024-07-06,Office Chair,Furniture,East,25,1886.54,47163.5,Henry Wilson
533,C8718,2023-08-20,Mechanical Keyboard,Electronics,North,12,1705.78,20469.36,Bob Smith
534,C8843,2023-06-25,Mechanical Keyboard,Electronics,south,20,1959.15,39183.0,Irene Park
535,C5329,2024-03-28,Mechanical Keyboard,Electronics,South,15,2370.16,35552.4,David Lee
536,C8629,7/12/2024,Desk Lamp,Furniture,South,11,2465.23,27117.53,  Bob Smith  
537,C1707,2024-06-06,Standing Desk,Furniture,North,12,2777.78,33333.36,Frank Davis
538,C4222,2023-10-07,Webcam,Electronics,North,28,1185.4,33191.2,Grace Kim
539,C3796,2023-02-13,Webcam,Electronics,West,26,2069.47,53806.22,Henry Wilson
540,C9567,2024-10-22,Smart Watch,Wearables,East,,2146.69,36493.73,Henry Wilson
541,C2517,2023-11-08,Office Chair,Furniture,West,8,664.05,5312.4,Grace Kim
542,C3828,2023-02-13,Office Chair,Furniture,East,12,2913.66,34963.92,Alice Johnson
543,C7556,2024-10-26,Office Chair,Furniture,east,27,531.87,14360.49,Alice Johnson
544,C6368,2024-03-11,Wireless Headset,Electronics,East,2,960.99,1921.98,Henry Wilson
545,C6188,2023-07-25,Standing Desk,Furniture,West,,2702.55,54051.0,Frank Davis
546,C9890,2024-03-05,USB Hub,Accessories,West,25,2621.65,65541.25,David Lee
547,C4152,2023-08-28,Mechanical Keyboard,Electronics,North,27,559.13,15096.51,Frank Davis
548,C7797,2024-11-30,Desk Lamp,Furniture,South,23,1003.43,23078.89,Bob Smith
549,C6689,2024-04-25,Wireless Headset,Electronics,North,27,2208.28,59623.56,David Lee
550,C3700,2024-09-28,Desk Lamp,Furniture,West,5,-16.99,1635.85,Frank Davis
551,C7408,2023-12-04,Office Chair,Furniture,South,24,2261.69,54280.56,Irene Park
552,C4357,2024-06-10,Smart Watch,Wearables,West,24,1551.59,37238.16,Carol White
553,C6967,2023-12-14,Smart Watch,Wearables,North,12,540.34,6484.08,Irene Park
554,C3005,2024-02-03,USB Hub,Accessories,East,26,395.5,10283.0,Carol White
555,C5456,2024-03-20,Wireless Headset,accessory,North,28,2951.19,82633.32,Carol White
556,C6290,2023-06-16,Wireless Headset,Electronics,East,19,1015.94,19302.86,  Alice Johnson  
557,C8826,2024-03-18,Wireless Headset,Electronics,North,30,298.21,8946.3,  James Taylor  
558,C5153,19/12/2024,USB Hub,Accessories,East,13,1599.0,20787.0,Emma Brown
559,C4958,2024-10-26,Desk Lamp,FURNITURE,South,1,1167.46,1167.46,James Taylor
560,C3888,2023-05-23,Standing Desk,Furniture,South,19,2058.85,39118.15,  Irene Park  
560,C3888,2023-05-23,Standing Desk,Furniture,South,19,2058.85,39118.15,  Irene Park  
562,C1833,2024-12-02,Desk Lamp,Furniture,SOUTH,24,558.93,13414.32,Grace Kim
563,C4657,2024-01-29,Standing Desk,Furniture,East,21,648.08,13609.68,Irene Park
564,C2919,2024-08-18,USB Hub,Accessories,South,2,1644.08,3288.16,Emma Brown
565,C1290,21/9/2023,USB Hub,Accessories,West,5,1747.73,8738.65,Grace Kim
566,C5315,2023-09-13,Office Chair,Furniture,WEST,24,220.68,5296.32,Alice Johnson
567,C1213,2024-06-15,Desk Lamp,Furniture,West,17,2982.17,50696.89,Frank Davis
568,C5737,23/6/2024,Wireless Headset,Electronics,East,28,100.04,2801.12,Alice Johnson
569,C2081,2023-04-02,Smart Watch,Wearables,North,25,2120.88,53022.0,Grace Kim
570,C3652,10/3/2023,Smart Watch,Wearables,South,14,-283.59,19685.54,Henry Wilson
570,C3652,10/3/2023,Smart Watch,Wearables,South,14,-283.59,19685.54,Henry Wilson
572,C6210,2024-12-19,Webcam,Electronics,West,2,1684.89,3369.78,David Lee
573,C2702,2023-01-12,Wireless Headset,Electronics,West,20,1670.28,33405.6,Alice Johnson
574,C9439,2023-06-02,Laptop Pro,Electronics,North,17,2321.97,39473.49,Emma Brown
575,C6143,2024-06-30,Laptop Pro,Electronics,West,19,1693.01,32167.19,Alice Johnson
576,C3353,2024-02-26,Desk Lamp,Furniture,West,12,449.84,5398.08,  Frank Davis  
577,C5103,2023-01-05,Desk Lamp,Furniture,West,2,2115.62,4231.24,Emma Brown
578,C5108,2024-06-23,USB Hub,Accessories,East,6,1814.19,10885.14,David Lee
579,C5221,2023-02-28,USB Hub,Accessories,East,16,396.81,6348.96,James Taylor
580,C9654,2024-12-12,Monitor,Electronics,South,22,673.09,14807.98,Emma Brown
581,C6548,2023-09-28,Monitor,Electronics,South,19,1147.86,21809.34,Grace Kim
582,C5752,2024-10-19,Webcam,Electronics,South,28,1034.5,28966.0,James Taylor
583,C3634,2024-11-17,Webcam,Electronics,East,29,1970.93,57156.97,Grace Kim
584,C8744,2023-10-30,Standing Desk,Furniture,West,17,1582.59,26904.03,Irene Park
585,C7203,2024-10-12,Standing Desk,Wearable,South,18,1228.57,22114.26,Carol White
586,C1029,2024-09-25,Wireless Headset,Electronics,West,24,,15336.24,Frank Davis
587,C3320,2023-05-25,Webcam,Electronics,West,18,626.04,11268.72,James Taylor
588,C3482,2023-07-20,Wireless Headset,Electronics,North,17,128.29,2180.93,David Lee
589,C6096,2024-04-21,USB Hub,Accessories,South,18,1470.57,26470.26,Frank Davis
590,C5275,2023-01-27,Desk Lamp,Furniture,East,29,686.56,19910.24,David Lee
591,C9068,2023-10-13,USB Hub,Accessories,East,12,1431.04,17172.48,Irene Park
592,C5813,2023-04-26,Webcam,Electronics,South,2,1738.01,3476.02,Bob Smith
593,C4682,2023-03-01,Wireless Headset,Electronics,West,24,1172.05,28129.2,David Lee
594,C9862,2023-12-06,Desk Lamp,Furniture,East,25,979.07,24476.75,Carol White
595,C2762,2023-04-30,Webcam,Electronics,South,17,,17870.06,Carol White
596,C6265,2023-12-10,USB Hub,Accessories,South,18,1066.78,19202.04,  David Lee  
597,C3203,2024-02-10,Standing Desk,Furniture,West,29,1337.55,38788.95,Carol White
598,C3821,2023-08-05,Mechanical Keyboard,Electronics,North,4,233.2,932.8,James Taylor
599,C6835,2023-12-24,Webcam,Electronics,North,4,2939.98,11759.92,Henry Wilson
600,C3269,2024-06-16,Desk Lamp,Furniture,East,12,532.55,6390.6,Bob Smith
601,C2911,2024-05-08,Webcam,Electronics,West,28,1736.99,48635.72,Henry Wilson
602,C2264,2023-07-20,Office Chair,Furniture,South,15,2658.91,39883.65,James Taylor
603,C7765,2024-01-22,Mechanical Keyboard,Electronics,West,28,126.36,3538.08,Irene Park
603,C7765,2024-01-22,Mechanical Keyboard,Electronics,West,28,126.36,3538.08,Irene Park
605,C5310,2023-08-24,Desk Lamp,Furniture,South,1,1765.99,1765.99,Emma Brown
606,C9848,2023-02-02,Desk Lamp,Furniture,East,27,1978.4,53416.8,Henry Wilson
607,C2948,2023-09-16,Office Chair,Furniture,East,6,1450.46,8702.76,Carol White
608,C7776,2024-02-14,Webcam,Electronics,North,21,,58877.07,Carol White
609,C1023,2024-01-16,Office Chair,Furniture,East,25,2224.53,55613.25,James Taylor
610,C8323,2024-12-13,USB Hub,Accessories,East,16,2358.1,37729.6,James Taylor
611,C7626,2023-04-05,Office Chair,Furniture,North,29,-396.35,4337.24,James Taylor
612,C9914,2023-11-11,Desk Lamp,Furniture,West,25,1215.37,30384.25,Frank Davis
613,C2355,2024-06-30,Office Chair,Furniture,South,16,824.18,13186.88,Alice Johnson
613,C2355,2024-06-30,Office Chair,Furniture,South,16,824.18,13186.88,Alice Johnson
615,C1537,2023-11-30,Laptop Pro,Electronics,East,2,1276.72,2553.44,Irene Park
616,C7740,2024-08-26,USB Hub,Accessories,South,,544.33,14152.58,Emma Brown
617,C4223,2023-10-20,Desk Lamp,Furniture,North,29,2071.63,60077.27,Irene Park
618,C7542,2024-03-23,Mechanical Keyboard,Electronics,South,10,332.51,3325.1,Irene Park
619,C6704,2023-05-10,Webcam,Electronics,,12,1774.18,21290.16,James Taylor
620,C7459,2024-02-16,Monitor,Electronics,,5,859.08,4295.4,Irene Park
621,C5059,2023-05-31,Mechanical Keyboard,Electronics,East,12,1247.63,14971.56,  Emma Brown  
622,C6185,2023-04-10,Laptop Pro,Electronics,South,22,1886.06,41493.32,Carol White
623,C2531,2024-06-20,Mechanical Keyboard,Electronics,North,3,2898.3,8694.9,Frank Davis
624,C5863,2023-01-18,Office Chair,Furniture,WEST,30,489.82,14694.6,Frank Davis
625,C4408,2023-10-13,Standing Desk,Furniture,East,,159.0,3180.0,Grace Kim
626,C9287,2023-05-05,Monitor,Electronics,South,3,2105.2,6315.6,Henry Wilson
627,C2509,2023-03-27,Monitor,Electronics,West,16,1367.35,21877.6,Frank Davis
628,C5090,2023-08-06,Desk Lamp,Furniture,North,29,2269.89,65826.81,James Taylor
629,C3907,2024-12-01,Laptop Pro,Electronics,East,4,1666.17,6664.68,Irene Park
630,C3775,2023-03-17,Desk Lamp,Furniture,North,27,780.48,21072.96,Grace Kim
631,C2686,2023-04-30,Mechanical Keyboard,Electronics,,3,864.95,2594.85,Emma Brown
632,C8193,2023-03-05,Office Chair,Furniture,East,13,2035.39,26460.07,David Lee
633,C2766,2024-10-02,Mechanical Keyboard,Electronics,West,5,2007.98,10039.9,Carol White
634,C1980,2024-02-08,Wireless Headset,Electronics,West,18,2009.6,36172.8,  Grace Kim  
635,C6138,2023-03-18,Laptop Pro,Electronics,East,9,2509.7,22587.3,  James Taylor  
635,C6138,2023-03-18,Laptop Pro,Electronics,East,9,2509.7,22587.3,  James Taylor  
637,C5958,2024-02-16,USB Hub,Accessories,East,8,2541.74,20333.92,
638,C7438,2024-06-26,Standing Desk,Furniture,West,13,876.12,11389.56,David Lee
639,C2669,2023-06-25,Standing Desk,Furniture,West,2,,3128.6,Irene Park
640,C9213,2023-02-26,Laptop Pro,Electronics,South,15,2599.09,38986.35,Irene Park
641,C8094,2024-04-26,Laptop Pro,Electronics,West,21,-391.9,33770.1,Carol White
642,C7468,2023-05-26,Monitor,Electronics,West,23,2173.82,49997.86,Henry Wilson
643,C1216,2023-10-03,Office Chair,Furniture,South,18,-39.21,16799.76,James Taylor
644,C3148,2024-11-21,Desk Lamp,Furniture,East,25,1180.75,29518.75,Carol White
645,C7643,2023-03-01,Webcam,Electronics,South,21,2181.47,45810.87,Irene Park
646,C9450,2024-07-11,Desk Lamp,Furniture,South,10,1679.2,16792.0,Emma Brown
647,C5754,2024-12-05,Monitor,Electronics,East,20,2196.59,43931.8,Bob Smith
648,C2647,2024-06-01,Laptop Pro,Electronics,West,30,,41889.0,Grace Kim
649,C3845,2023-01-26,Standing Desk,Furniture,South,,1335.83,38739.07,Alice Johnson
650,C8654,2023-09-26,Office Chair,Furniture,East,7,210.31,1472.17,James Taylor
651,C3838,2023-09-26,Webcam,Electronics,North,5,2113.27,10566.35,Emma Brown
652,C9693,2024-09-24,Mechanical Keyboard,Electronics,West,5,1496.63,7483.15,James Taylor
653,C5521,2023-01-14,Office Chair,Furniture,North,27,1149.59,31038.93,Emma Brown
654,C7437,2023-08-02,Office Chair,Furniture,East,26,2424.4,63034.4,Henry Wilson
655,C8758,2024-07-27,Webcam,Electronics,North,9,2908.61,26177.49,James Taylor
656,C9322,2024-09-30,Office Chair,Furniture,South,12,2727.81,32733.72,Bob Smith
657,C8932,2024-03-28,Monitor,Electronics,South,16,51.02,816.32,Alice Johnson
658,C6743,2024-05-10,Desk Lamp,Furniture,North,26,2245.55,58384.3,Bob Smith
659,C4164,2023-07-11,Smart Watch,Wearables,East,1,711.8,711.8,Bob Smith
660,C7190,2024-07-13,USB Hub,Accessories,North,25,587.63,14690.75,James Taylor
661,C9196,2023-04-16,Smart Watch,Wearables,North,3,2107.68,6323.04,Emma Brown
662,C8369,2024-10-24,Office Chair,Furniture,West,14,393.09,5503.26,Grace Kim
663,C3046,2024-03-01,Laptop Pro,Electronics,West,4,732.27,2929.08,Frank Davis
664,C2147,2024-03-23,Standing Desk,Furniture,South,26,2834.12,73687.12,Bob Smith
665,C3793,2024-04-08,Monitor,Electronics,West,4,651.98,2607.92,Frank Davis
666,C2010,2023-09-13,Office Chair,Furniture,West,15,2035.75,30536.25,Bob Smith
666,C2010,2023-09-13,Office Chair,Furniture,West,15,2035.75,30536.25,Bob Smith
668,C4378,2024-07-15,Desk Lamp,Furniture,East,8,887.84,7102.72,James Taylor
669,C9184,2023-10-24,Smart Watch,Wearables,West,11,2414.54,26559.94,James Taylor
670,C7249,2024-08-03,Wireless Headset,Electronics,,6,2080.28,12481.68,Bob Smith
671,C3771,2023-01-25,Laptop Pro,Electronics,North,12,2645.01,31740.12,David Lee
672,C8118,2024-10-05,USB Hub,Accessories,North,2,1119.62,2239.24,David Lee
673,C5539,2024-11-12,Monitor,Electronics,South,19,565.0,1165765.43,Carol White
674,C1683,2023-04-22,Office Chair,Furniture,South,20,2563.94,51278.8,Bob Smith
675,C5589,2023-07-15,Monitor,Electronics,North,28,917.83,25699.24,Grace Kim
676,C1762,2024-09-05,Office Chair,Furniture,West,4,1915.26,7661.04,James Taylor
677,C2952,2023-02-14,USB Hub,Accessories,East,1,1463.51,1463.51,Grace Kim
678,C3577,2024-07-22,Wireless Headset,Electronics,West,8,2600.58,20804.64,James Taylor
679,C1754,2024-08-24,Monitor,Electronics,West,25,2001.59,50039.75,James Taylor
680,C5912,2023-06-15,Monitor,Electronics,South,29,2990.74,86731.46,Emma Brown
681,C4349,2024-08-24,Desk Lamp,Furniture,West,19,1768.75,33606.25,Grace Kim
681,C4349,2024-08-24,Desk Lamp,Furniture,West,19,1768.75,33606.25,Grace Kim
683,C1991,2024-06-20,Office Chair,Furniture,North,7,2082.65,14578.55,David Lee
684,C2563,2024-11-10,Desk Lamp,Furniture,North,29,629.06,18242.74,Emma Brown
685,C7127,2023-12-30,Standing Desk,Furniture,SOUTH,17,2316.21,39375.57,Emma Brown
686,C6954,2024-11-20,Monitor,Electronics,East,13,2810.41,36535.33,Grace Kim
687,C3092,2023-03-02,Smart Watch,Wearables,North,23,2871.08,66034.84,Frank Davis
688,C9333,2023-03-17,Desk Lamp,Furniture,East,6,2646.29,15877.74,Irene Park
689,C5399,2024-03-11,Mechanical Keyboard,Electronics,West,21,1804.78,37900.38,Emma Brown
690,C2432,2024-06-27,Office Chair,Furniture,North,,317.77,9215.33,Alice Johnson
691,C1026,2024-10-29,Monitor,Electronics,South,19,1053.09,20008.71,Irene Park
692,C9971,2024-07-24,Laptop Pro,Electronics,West,9,2992.01,26928.09,James Taylor
693,C8633,1/4/2023,Smart Watch,Wearables,East,21,628.23,13192.83,Irene Park
694,C5581,2024-06-01,Mechanical Keyboard,Electronics,North,7,2334.61,16342.27,Frank Davis
695,C4880,2023-05-05,Monitor,electronics,East,12,220.71,2648.52,David Lee
696,C7904,2024-06-15,Webcam,Electronics,East,15,990.0,14850.0,Carol White
697,C8494,2024-01-26,Laptop Pro,Electronics,East,27,2458.09,66368.43,Irene Park
698,C2479,2024-02-14,Monitor,Electronics,South,12,348.72,652010.62,Carol White
699,C6182,2023-02-01,Laptop Pro,Electronics,South,3,1804.93,5414.79,Irene Park
700,C2122,2024-10-21,Standing Desk,Furniture,South,25,1890.03,47250.75,Irene Park
701,C2801,2023-05-18,Laptop Pro,Electronics,South,26,2041.51,53079.26,Bob Smith
702,C2347,2023-08-17,Webcam,Electronics,West,6,775.29,4651.74,Grace Kim
703,C9953,2023-04-29,Smart Watch,Wearables,North,18,1072.5,19305.0,Frank Davis
704,C2183,2024-07-01,Smart Watch,FURNITURE,,23,1008.86,23203.78,Frank Davis
705,C8930,2023-04-24,Smart Watch,Wearables,North,9,2208.32,19874.88,  Frank Davis  
706,C3133,2024-01-12,Laptop Pro,Electronics,North,14,1027.26,14381.64,Carol White
707,C8769,2024-03-13,Laptop Pro,Electronics,North,20,2747.46,54949.2,James Taylor
708,C1515,2024-03-01,Desk Lamp,Furniture,North,14,340.53,4767.42,Grace Kim
709,C9360,2023-12-17,USB Hub,Accessories,South,10,-449.96,12820.7,Alice Johnson
710,C4171,2024-07-12,Smart Watch,Wearables,South,26,1466.5,38129.0,James Taylor
711,C5107,2023-02-13,Laptop Pro,Electronics,South,3,586.46,1759.38,James Taylor
712,C3142,2023-04-14,Standing Desk,Furniture,South,29,1845.83,53529.07,David Lee
713,C7318,2023-12-21,Laptop Pro,Electronics,East,8,594.72,4757.76,Alice Johnson
714,C7723,2024-02-06,Webcam,Electronics,West,13,2694.11,35023.43,Bob Smith
715,C9948,2023-10-19,Desk Lamp,Furniture,West,17,2439.13,41465.21,  Carol White  
715,C9948,2023-10-19,Desk Lamp,Furniture,West,17,2439.13,41465.21,  Carol White  
717,C1566,2023-08-18,Standing Desk,Furniture,West,4,1711.95,854946.46,David Lee
718,C6829,2023-07-03,Monitor,electronics,North,14,550.01,7700.14,Emma Brown
719,C9275,2023-04-30,Smart Watch,Wearables,north,3,1555.1,4665.3,Emma Brown
720,C9769,2023-08-10,Standing Desk,Furniture,East,4,291.18,1164.72,Frank Davis
721,C7579,2023-09-12,Smart Watch,Wearables,East,28,2598.87,72768.36,Bob Smith
722,C9355,2023-02-16,Mechanical Keyboard,Electronics,North,30,2322.97,69689.1,Emma Brown
723,C4558,2024-05-10,Laptop Pro,Electronics,West,29,1961.46,56882.34,Alice Johnson
724,C9385,2023-09-02,Laptop Pro,Electronics,South,5,1703.06,8515.3,David Lee
725,C6442,2024-10-24,Laptop Pro,Electronics,West,2,1071.26,2142.52,Grace Kim
726,C7425,2024-10-27,Office Chair,accessory,South,14,1269.65,17775.1,Emma Brown
727,C7042,2023-04-05,Standing Desk,Electroncs,South,11,154.45,1698.95,Frank Davis
728,C7565,2023-07-26,Office Chair,Furniture,West,8,1082.55,8660.4,Irene Park
729,C4370,2023-07-30,USB Hub,Accessories,West,25,2091.48,52287.0,Carol White
730,C1145,2024-09-18,Standing Desk,Furniture,East,19,305.66,5807.54,James Taylor
731,C9902,2023-03-17,Office Chair,Furniture,South,3,1962.65,5887.95,David Lee
732,C8709,2023-02-04,Monitor,Electronics,North,27,1252.54,33818.58,  Frank Davis  
733,C8227,2024-07-16,Mechanical Keyboard,Electronics,East,5,2771.44,13857.2,Grace Kim
734,C8206,2024-04-21,Webcam,Electronics,East,27,1080.86,29183.22,Bob Smith
735,C5632,2023-05-04,Standing Desk,Furniture,North,21,2909.32,61095.72,James Taylor
736,C9967,2023-10-17,Mechanical Keyboard,Electronics,East,19,2605.62,49506.78,Alice Johnson
737,C3115,2023-06-21,Wireless Headset,Electronics,East,8,2963.48,23707.84,James Taylor
738,C7719,2024-02-13,Mechanical Keyboard,Electronics,East,4,2381.86,9527.44,Emma Brown
739,C5980,2023-03-01,Office Chair,Furniture,North,3,1065.38,3196.14,James Taylor
740,C2785,2023-05-13,Standing Desk,Furniture,North,5,2298.35,11491.75,James Taylor
741,C4487,2023-10-18,Smart Watch,Wearables,South,21,917.77,19273.17,James Taylor
742,C4282,2023-01-09,Webcam,Electronics,South,13,1418.65,18442.45,James Taylor
743,C6175,2023-03-28,Mechanical Keyboard,Electronics,East,25,2098.8,52470.0,Carol White
744,C2780,2024-11-23,USB Hub,Accessories,East,3,2537.69,7613.07,  Irene Park  
745,C2267,2023-08-03,Office Chair,Furniture,South,15,1878.35,28175.25,Grace Kim
746,C8567,2023-08-31,Laptop Pro,Electronics,West,3,257.68,773.04,James Taylor
747,C8770,2024-12-08,Laptop Pro,Electronics,North,10,1510.71,15107.1,  James Taylor  
748,C7991,2024-09-30,Monitor,Electronics,North,1,2800.44,2800.44,Emma Brown
749,C3317,2023-12-14,Smart Watch,Wearables,East,23,292.45,6726.35,Frank Davis
750,C3299,2023-10-23,Laptop Pro,Electronics,SOUTH,22,123.11,2708.42,Grace Kim
751,C8418,2024-10-13,Mechanical Keyboard,Electronics,South,6,2021.25,12127.5,Irene Park
752,C1617,2023-02-14,USB Hub,Accessories,East,14,1747.42,24463.88,James Taylor
753,C5771,2023-11-16,Desk Lamp,Furniture,East,27,2449.19,66128.13,Grace Kim
754,C9524,2023-05-04,Wireless Headset,Electronics,South,27,1869.21,50468.67,Henry Wilson
755,C2485,2023-10-20,Laptop Pro,Electronics,North,22,2998.31,65962.82,Emma Brown
756,C7158,2024-05-08,Smart Watch,Wearables,South,18,831.25,14962.5,  Bob Smith  
757,C4964,2024-09-17,Webcam,Electronics,North,21,1177.14,24719.94,Frank Davis
758,C7997,2024-01-04,Webcam,Electronics,West,7,765.75,5360.25,Alice Johnson
759,C6011,2024-06-06,Laptop Pro,Electronics,West,22,1286.24,28297.28,Henry Wilson
760,C6071,2024-02-07,Wireless Headset,Electronics,West,26,199.86,5196.36,David Lee
761,C6167,2024-05-27,Monitor,Electronics,West,24,331.53,7956.72,Bob Smith
762,C6022,2023-07-26,Laptop Pro,Electronics,North,20,2247.37,44947.4,Alice Johnson
763,C2926,2024-04-09,Monitor,Electronics,South,22,315.53,6941.66,Frank Davis
764,C2428,2024-06-26,Standing Desk,Furniture,West,7,1833.7,12835.9,Irene Park
765,C8485,2024-07-03,Desk Lamp,Furniture,East,1,1569.97,1569.97,David Lee
766,C6461,2024-05-31,Laptop Pro,Electronics,East,25,1184.81,29620.25,Carol White
767,C3376,2023-12-29,Standing Desk,Furniture,South,6,1880.33,11281.98,Alice Johnson
768,C6986,2024-12-03,USB Hub,Electroncs,North,1,813.88,813.88,Frank Davis
769,C5674,2023-02-07,USB Hub,Accessories,West,3,1761.31,5283.93,Irene Park
770,C4217,2024-05-30,Webcam,Electronics,East,29,685.8,19888.2,Frank Davis
771,C5722,2023-05-14,Office Chair,Furniture,North,26,2328.52,60541.52,Irene Park
772,C9183,2023-03-19,Office Chair,Furniture,South,11,2886.54,31751.94,James Taylor
773,C2476,2023-02-03,Monitor,Electronics,North,22,2528.8,55633.6,Bob Smith
774,C7691,2023-08-20,Standing Desk,Furniture,North,9,1903.44,17130.96,  Alice Johnson  
775,C1348,2023-02-10,Office Chair,Furniture,East,25,567.02,14175.5,Irene Park
776,C8403,2024-05-08,USB Hub,Accessories,North,9,2393.58,21542.22,Grace Kim
777,C9140,2024-10-13,Smart Watch,Wearables,North,26,709.06,18435.56,  Frank Davis  
778,C4918,2023-10-12,USB Hub,Accessories,North,29,1597.88,46338.52,Grace Kim
779,C1584,2024-05-23,Wireless Headset,Electronics,North,13,-111.36,5599.49,Grace Kim
780,C3325,2023-01-23,Laptop Pro,Electronics,West,8,833.3,6666.4,Alice Johnson
781,C5773,2023-10-17,Standing Desk,Furniture,East,7,1698.36,11888.52,James Taylor
782,C8016,2024-04-24,Mechanical Keyboard,Electronics,west,18,619.1,11143.8,Henry Wilson
783,C2628,2023-04-18,Wireless Headset,Electronics,West,12,359.22,4310.64,Carol White
784,C7969,2024-10-01,Monitor,Electronics,East,26,273.73,7116.98,Alice Johnson
785,C6851,2023-12-11,Mechanical Keyboard,Electronics,North,26,300.33,7808.58,Henry Wilson
786,C5342,2024-07-31,Desk Lamp,Furniture,North,6,318.73,1912.38,Henry Wilson
787,C1877,2024-01-22,Desk Lamp,Furniture,East,22,2085.74,45886.28,Irene Park
788,C8950,2024-09-10,Wireless Headset,Electronics,South,24,381.56,9157.44,Irene Park
789,C9045,2024-02-25,Webcam,Electronics,West,13,547.63,7119.19,Henry Wilson
790,C2712,2023-11-21,Webcam,Electronics,,17,405.15,6887.55,  Irene Park  
791,C6695,2023-08-10,Wireless Headset,Electronics,North,19,74.43,1414.17,Irene Park
792,C6503,2024-04-18,Standing Desk,Furniture,East,1,481.86,481.86,Bob Smith
793,C6665,2023-11-07,Webcam,Electronics,East,9,724.33,6518.97,Grace Kim
794,C2959,2024-10-06,Smart Watch,Wearables,North,7,2428.68,17000.76,Grace Kim
795,C3163,2023-10-15,Standing Desk,Furniture,South,18,1861.94,33514.92,Emma Brown
796,C6769,2023-11-30,Standing Desk,Furniture,West,10,1825.94,18259.4,Henry Wilson
797,C5557,2024-12-21,Mechanical Keyboard,Electronics,North,1,362.4,362.4,Alice Johnson
798,C5421,2023-01-04,Monitor,Electronics,East,23,2464.42,56681.66,Irene Park
799,C6703,2024-06-22,Office Chair,Furniture,North,,741.9,6677.1,Henry Wilson
800,C5507,7/8/2024,Desk Lamp,Furniture,South,5,485.53,2427.65,Alice Johnson
801,C5480,2024-03-08,USB Hub,Accessories,South,23,638.25,14679.75,Emma Brown
802,C5204,2024-04-18,USB Hub,Accessories,West,7,1993.53,13954.71,Henry Wilson
803,C2915,2024-10-03,Laptop Pro,Electronics,North,29,1285.11,37268.19,Emma Brown
804,C5793,2024-01-31,Monitor,Electronics,West,20,330.37,6607.4,Irene Park
805,C8025,2023-05-11,Office Chair,Furniture,East,13,577.38,7505.94,Grace Kim
806,C7307,2023-10-07,Wireless Headset,Electronics,,8,2799.17,22393.36,James Taylor
807,C5171,2024-12-01,USB Hub,Accessories,East,25,1565.06,39126.5,Carol White
808,C5924,2024-03-21,Office Chair,Furniture,east,15,1237.48,18562.2,Grace Kim
809,C7614,2024-12-31,Mechanical Keyboard,Wearable,North,6,2796.99,16781.94,Frank Davis
810,C5719,2024-03-29,Desk Lamp,Furniture,West,9,430.37,3873.33,Grace Kim
811,C3846,2023-01-17,USB Hub,Accessories,East,2,2174.2,4348.4,Irene Park
812,C7295,2024-03-01,Desk Lamp,Furniture,South,29,1894.03,54926.87,Bob Smith
813,C3807,15/12/2024,Mechanical Keyboard,Electronics,West,6,106.88,641.28,Frank Davis
814,C8660,2023-05-21,Standing Desk,Furniture,South,4,2014.25,8057.0,David Lee
815,C6376,2023-06-25,Laptop Pro,Electronics,North,20,1466.62,29332.4,Irene Park
816,C3415,2024-02-01,Desk Lamp,Furniture,West,6,1390.11,8340.66,Grace Kim
817,C7771,2023-05-12,Desk Lamp,Furniture,South,22,1281.21,28186.62,Grace Kim
818,C5488,2023-08-24,Wireless Headset,Electronics,North,13,2964.64,38540.32,Grace Kim
819,C1503,2023-05-19,Office Chair,accessory,North,6,2648.95,15893.7,Grace Kim
820,C3147,2024-06-25,Laptop Pro,Electronics,West,2,2706.25,5412.5,Bob Smith
821,C8291,2023-11-10,Desk Lamp,Furniture,South,14,1027.59,14386.26,Alice Johnson
822,C8280,2023-10-15,Webcam,Electronics,West,3,1765.37,5296.11,Emma Brown
823,C1487,2024-09-25,Wireless Headset,Electronics,West,16,1375.33,22005.28,Henry Wilson
824,C6736,2023-11-15,Office Chair,Furniture,West,21,2233.01,46893.21,James Taylor
825,C8880,2023-05-08,Standing Desk,Furniture,South,30,804.12,24123.6,Emma Brown
826,C9313,2024-05-29,USB Hub,Accessories,South,22,1139.77,25074.94,David Lee
827,C3980,2023-01-31,Mechanical Keyboard,Electronics,East,26,456.64,11872.64,Henry Wilson
828,C4860,2024-01-28,USB Hub,Accessories,South,5,802.18,4010.9,Grace Kim
828,C4860,2024-01-28,USB Hub,Accessories,South,5,802.18,4010.9,Grace Kim
830,C8545,2024-09-03,Wireless Headset,Electronics,East,11,1883.79,20721.69,Emma Brown
831,C3941,2023-07-14,Mechanical Keyboard,Electronics,South,14,1691.24,23677.36,Irene Park
832,C6043,2024-05-20,Desk Lamp,Furniture,East,21,2652.18,55695.78,Emma Brown
833,C4164,2023-05-21,Desk Lamp,Furniture,South,15,1619.54,24293.1,David Lee
834,C5085,2024-06-19,Monitor,Electronics,North,13,1682.69,21874.97,Frank Davis
835,C1488,2024-12-15,Webcam,Electronics,West,1,151.99,151.99,David Lee
836,C5962,2023-12-14,Standing Desk,Furniture,West,2,1394.44,2788.88,Emma Brown
837,C9656,12/1/2024,Office Chair,Furniture,North,19,2184.69,41509.11,Carol White
838,C5401,2024-09-11,USB Hub,Accessories,NORTH,8,1973.03,15784.24,Irene Park
839,C8325,2023-01-14,Laptop Pro,Electronics,South,16,342.92,5486.72,Alice Johnson
840,C1310,2024-04-09,Smart Watch,Wearables,East,20,2811.93,56238.6,Grace Kim
841,C9950,2023-07-09,Monitor,Electronics,East,4,200.15,800.6,Grace Kim
842,C9650,2023-10-06,USB Hub,Accessories,East,14,377.91,5290.74,Carol White
843,C3636,2023-09-20,Monitor,Electronics,East,22,1278.33,28123.26,Irene Park
844,C1021,2024-06-11,Smart Watch,Wearables,South,19,2412.9,45845.1,David Lee
845,C6924,2023-03-07,Office Chair,Furniture,South,5,1204.78,6023.9,Alice Johnson
846,C2431,2023-10-04,Smart Watch,Wearables,South,21,2239.78,47035.38,Alice Johnson
847,C9628,2024-10-19,Wireless Headset,Electronics,East,3,723.44,2170.32,Carol White
848,C9261,2023-05-06,Webcam,Electronics,West,7,406.61,2846.27,Frank Davis
849,C1634,2024-02-06,Mechanical Keyboard,Electronics,south,8,1232.42,9859.36,  Irene Park  
850,C7461,2023-05-25,Wireless Headset,Electronics,South,,1665.79,31650.01,Alice Johnson
851,C1451,2024-04-05,Desk Lamp,Furniture,North,19,1255.86,23861.34,Emma Brown
852,C4072,2024-11-01,Mechanical Keyboard,Electronics,South,13,1973.24,25652.12,David Lee
853,C5061,2024-01-14,USB Hub,Accessories,West,10,2065.81,20658.1,Emma Brown
854,C7646,2023-03-24,Standing Desk,Furniture,West,26,1405.87,36552.62,Frank Davis
855,C1783,2024-12-12,Standing Desk,Furniture,North,,2030.89,32494.24,Grace Kim
856,C7262,2023-09-29,Smart Watch,Wearables,North,28,2864.39,80202.92,Frank Davis
857,C1707,2024-02-04,Standing Desk,Furniture,SOUTH,24,2621.14,62907.36,Alice Johnson
858,C3868,2024-04-22,Laptop Pro,Electronics,East,19,1991.89,37845.91,James Taylor
859,C4362,2023-06-01,Mechanical Keyboard,Electronics,East,12,2598.2,31178.4,Irene Park
860,C1827,2023-12-06,USB Hub,Accessories,North,26,1767.34,45950.84,Henry Wilson
861,C1611,2023-11-06,Monitor,Electronics,East,27,1946.8,52563.6,Irene Park
862,C4827,2023-10-01,Monitor,Electronics,West,8,296.06,2368.48,Emma Brown
862,C4827,2023-10-01,Monitor,Electronics,West,8,296.06,2368.48,Emma Brown
864,C1772,2024-07-06,USB Hub,Accessories,North,5,980.74,4903.7,  Frank Davis  
865,C8383,2024-06-01,Monitor,Electronics,East,26,2068.79,53788.54,Carol White
866,C7190,2024-09-09,Desk Lamp,Furniture,South,22,656.21,14436.62,Emma Brown
867,C7262,2024-11-23,Monitor,Electronics,East,25,-92.92,28042.75,Bob Smith
868,C5707,2023-03-20,Wireless Headset,Electronics,West,28,2326.4,65139.2,  Emma Brown  
869,C7586,2023-08-15,Monitor,Electronics,South,27,85.61,2311.47,Henry Wilson
870,C4462,2024-09-16,Mechanical Keyboard,Electronics,North,3,2056.24,6168.72,Carol White
871,C8647,2024-05-07,Wireless Headset,Electronics,West,23,889.0,20447.0,James Taylor
872,C6361,2024-08-08,Laptop Pro,Electronics,South,24,321.39,7713.36,Irene Park
873,C3300,2024-10-05,Office Chair,Furniture,North,1,2426.84,2426.84,Irene Park
874,C7626,2023-05-01,Desk Lamp,Furniture,East,16,1792.57,28681.12,Carol White
875,C3304,2023-07-04,Smart Watch,Wearables,East,18,1329.19,23925.42,Henry Wilson
875,C3304,2023-07-04,Smart Watch,Wearables,East,18,1329.19,23925.42,Henry Wilson
877,C7442,2024-05-09,Desk Lamp,Furniture,North,1,790.16,790.16,Emma Brown
878,C9091,2024-06-17,Office Chair,Furniture,EAST,8,2206.26,17650.08,Emma Brown
879,C8906,2023-01-26,Office Chair,Furniture,North,24,2905.56,69733.44,Bob Smith
880,C2593,2023-04-29,Webcam,Electronics,West,7,372.19,2605.33,Grace Kim
881,C9660,2023-03-27,Laptop Pro,Electronics,South,28,1246.91,34913.48,James Taylor
882,C6891,2024-04-20,Office Chair,Furniture,North,4,63.97,255.88,Henry Wilson
883,C1379,2024-02-16,Webcam,Electronics,West,,1262.46,8837.22,David Lee
884,C4184,2024-11-19,USB Hub,Accessories,West,12,2250.61,27007.32,Bob Smith
885,C7285,2024-11-04,Mechanical Keyboard,Electronics,South,23,-155.26,57170.87,Grace Kim
886,C7331,2024-01-15,Mechanical Keyboard,Electronics,North,21,396.42,8324.82,Carol White
887,C4985,2024-10-19,Desk Lamp,Furniture,East,16,1555.09,24881.44,David Lee
888,C4010,2024-11-15,USB Hub,Accessories,North,3,1614.0,4842.0,Alice Johnson
889,C7243,2024-09-18,Laptop Pro,Electronics,East,19,2510.79,47705.01,Emma Brown
890,C1710,2023-05-16,Monitor,Electronics,East,14,1478.42,20697.88,Alice Johnson
891,C6441,2024-01-04,Smart Watch,Wearables,West,22,556.15,12235.3,Henry Wilson
892,C3507,2023-02-25,Webcam,Electronics,South,15,227.99,3419.85,Frank Davis
893,C5107,2024-01-20,Desk Lamp,Furniture,East,8,2567.74,20541.92,Irene Park
894,C9287,2023-07-12,Wireless Headset,Electronics,,3,1894.22,5682.66,Alice Johnson
895,C8202,2023-08-08,Office Chair,Furniture,South,16,2349.87,37597.92,Henry Wilson
896,C2000,2024-03-09,Monitor,Electronics,North,23,755.65,17379.95,James Taylor
896,C2000,2024-03-09,Monitor,Electronics,North,23,755.65,17379.95,James Taylor
898,C2988,2023-06-01,Wireless Headset,Electronics,North,22,1903.18,41869.96,Bob Smith
899,C4374,2023-01-28,Laptop Pro,accessory,east,18,1394.54,25101.72,David Lee
900,C7310,2024-08-15,Monitor,Electronics,West,21,1385.26,29090.46,David Lee
901,C3104,2023-09-30,Wireless Headset,Electronics,East,15,2422.62,36339.3,Bob Smith
902,C2119,2023-06-11,Office Chair,Furniture,East,1,142.94,142.94,David Lee
903,C5382,2024-11-01,Monitor,Electronics,SOUTH,2,2668.75,5337.5,James Taylor
904,C8413,2024-06-06,Standing Desk,Furniture,South,22,860.55,18932.1,Grace Kim
905,C5605,2023-06-13,USB Hub,Accessories,West,,1831.62,31137.54,Carol White
906,C8561,2023-06-12,Standing Desk,Furniture,East,8,1520.14,12161.12,David Lee
907,C2559,2023-12-28,Mechanical Keyboard,Electronics,North,13,1015.24,13198.12,Grace Kim
908,C8759,2023-02-05,USB Hub,Accessories,East,9,1011.77,9105.93,Bob Smith
909,C2242,2024-06-27,Webcam,Electronics,North,28,131.65,3686.2,Henry Wilson
910,C1519,2023-11-16,Mechanical Keyboard,Electronics,East,16,1632.73,26123.68,James Taylor
911,C3909,2023-04-04,Monitor,Electronics,East,12,156.09,1873.08,Frank Davis
912,C5720,2023-12-30,Mechanical Keyboard,Electronics,South,19,2909.61,55282.59,Irene Park
913,C5821,10/9/2023,Mechanical Keyboard,Electronics,South,2,580.75,1161.5,  Grace Kim  
914,C7261,2023-10-09,USB Hub,Accessories,South,22,1235.64,27184.08,James Taylor
915,C6239,2023-04-03,Office Chair,Furniture,East,26,,5694.52,David Lee
916,C8424,2024-12-01,Office Chair,Furniture,North,14,2164.14,30297.96,Bob Smith
917,C7280,2023-06-11,Wireless Headset,Electronics,West,5,2437.09,12185.45,Bob Smith
918,C6869,2023-12-17,Monitor,Electronics,West,29,901.91,26155.39,Irene Park
919,C3925,2024-05-17,Monitor,Electronics,North,21,1114.48,23404.08,David Lee
920,C1202,2024-08-22,Office Chair,Furniture,East,10,1430.2,14302.0,Carol White
921,C9524,2023-08-26,Standing Desk,Furniture,,25,1755.79,43894.75,Grace Kim
922,C5311,2023-06-15,Laptop Pro,Electronics,North,4,-444.81,8719.16,Frank Davis
923,C9187,2024-01-21,Mechanical Keyboard,Electronics,West,21,1081.71,3335870.06,Emma Brown
924,C7110,2023-04-20,Webcam,FURNITURE,North,11,1470.2,16172.2,Henry Wilson
925,C7109,2023-06-13,Standing Desk,Furniture,South,21,2527.69,53081.49,James Taylor
926,C6566,2023-03-02,Standing Desk,Furniture,East,13,2146.09,27899.17,David Lee
927,C1168,2024-03-04,Wireless Headset,Electronics,East,22,728.53,16027.66,Emma Brown
928,C4023,2023-01-24,USB Hub,Accessories,West,26,2882.99,74957.74,Carol White
929,C8258,2024-05-01,Mechanical Keyboard,Electronics,West,1,2105.74,2105.74,Carol White
930,C5619,2023-10-27,Standing Desk,Furniture,South,30,186.7,5601.0,Irene Park
931,C3817,2024-05-30,Wireless Headset,Electronics,West,23,1976.21,45452.83,Irene Park
932,C3815,2023-12-23,Webcam,Electronics,North,22,1289.22,28362.84,Frank Davis
933,C3255,2023-04-26,Smart Watch,Wearables,East,10,1062.52,10625.2,  Alice Johnson  
934,C4441,2024-06-03,USB Hub,Accessories,South,4,1203.77,4815.08,Henry Wilson
935,C7813,2023-03-07,Laptop Pro,Electronics,West,10,423.34,4233.4,Irene Park
936,C9449,2024-05-20,Monitor,Electronics,South,8,1277.13,10217.04,Frank Davis
937,C3922,2023-12-12,USB Hub,Accessories,NORTH,25,129.85,410210.11,Frank Davis
938,C5777,2024-10-31,Laptop Pro,Electronics,East,9,290.59,2615.31,David Lee
939,C1170,2023-07-11,USB Hub,Accessories,East,10,2030.86,20308.6,David Lee
940,C6042,2023-02-04,Office Chair,Furniture,South,22,2315.81,50947.82,Henry Wilson
941,C3353,2024-07-27,Laptop Pro,Electronics,West,26,371.14,9649.64,Carol White
942,C9794,2023-07-03,Office Chair,Furniture,North,3,303.47,910.41,Carol White
943,C8848,5/4/2024,Webcam,Electronics,East,23,2673.4,61488.2,James Taylor
944,C7613,2024-03-08,Smart Watch,Wearables,North,17,1041.93,17712.81,Frank Davis
945,C4449,2024-08-20,Wireless Headset,Electronics,North,22,2230.81,49077.82,Alice Johnson
946,C9755,2023-06-28,Laptop Pro,Electronics,East,16,540.51,8648.16,Irene Park
947,C8718,2024-09-05,Webcam,Electronics,,26,615.94,16014.44,Grace Kim
948,C8976,2024-11-13,Laptop Pro,Electronics,EAST,17,61.83,1051.11,David Lee
949,C2856,2024-09-04,Smart Watch,Wearables,West,22,272.0,5984.0,Alice Johnson
950,C5480,2023-07-23,Mechanical Keyboard,Electronics,East,19,1440.02,27360.38,Alice Johnson
951,C9658,2024-10-27,Desk Lamp,Furniture,South,23,1481.05,34064.15,David Lee
952,C7769,2023-10-28,Wireless Headset,Electronics,South,12,746.32,8955.84,James Taylor
953,C5538,2024-12-24,Monitor,Electronics,North,21,2202.27,46247.67,David Lee
954,C3958,2024-09-26,USB Hub,Accessories,South,1,711.3,711.3,Bob Smith
955,C7459,2024-07-10,Standing Desk,Furniture,South,8,1688.26,13506.08,Alice Johnson
956,C5483,2024-11-01,Desk Lamp,Furniture,South,27,2828.92,76380.84,Grace Kim
956,C5483,2024-11-01,Desk Lamp,Furniture,South,27,2828.92,76380.84,Grace Kim
958,C3110,2023-08-08,Monitor,Electronics,West,12,1407.82,16893.84,Emma Brown
959,C1726,2023-09-21,Monitor,Electronics,East,6,1605.64,9633.84,James Taylor
960,C2337,2023-07-14,Office Chair,Furniture,South,18,1571.43,28285.74,James Taylor
961,C9015,2023-03-23,Standing Desk,Furniture,West,14,2146.74,30054.36,Grace Kim
962,C7155,2024-11-21,Monitor,Electronics,North,29,-205.45,81355.73,Irene Park
963,C3175,2023-08-05,Office Chair,Furniture,East,15,991.06,14865.9,David Lee
964,C2706,2024-07-22,Mechanical Keyboard,Electronics,west,4,1874.97,7499.88,Bob Smith
965,C5332,2023-12-14,Laptop Pro,Electronics,South,29,558.26,16189.54,Irene Park
966,C4287,2023-01-18,Webcam,Electronics,North,,951.34,15221.44,Carol White
967,C5597,2024-02-07,Standing Desk,Furniture,East,30,1421.48,42644.4,Alice Johnson
968,C7262,2024-12-27,Office Chair,Furniture,,8,1111.1,8888.8,Henry Wilson
969,C4580,2023-03-10,Monitor,Electronics,North,8,-207.28,23439.68,Henry Wilson
970,C7924,2023-01-19,Webcam,Electronics,West,2,1697.56,3395.12,Alice Johnson
971,C3560,2024-06-07,Wireless Headset,Electronics,South,7,1713.86,11997.02,James Taylor
972,C4936,2024-10-18,Desk Lamp,Furniture,South,10,2468.51,24685.1,Frank Davis
973,C2197,2023-10-03,Smart Watch,Wearables,West,29,2090.11,60613.19,Henry Wilson
974,C2696,2024-10-15,Laptop Pro,accessory,East,11,990.92,10900.12,Alice Johnson
975,C4577,2023-07-02,Monitor,Electronics,North,7,1055.89,7391.23,Henry Wilson
976,C3311,2023-04-05,USB Hub,Accessories,East,14,,1872.5,Bob Smith
977,C7396,2023-01-30,Office Chair,Furniture,North,29,298.72,8662.88,  Frank Davis  
978,C1376,2023-02-13,Laptop Pro,Electronics,South,19,1459.2,27724.8,Emma Brown
979,C3647,2024-11-21,Webcam,Electronics,West,14,1949.21,27288.94,Emma Brown
980,C6988,2023-11-25,Standing Desk,Furniture,West,23,2084.06,47933.38,David Lee
981,C8465,2024-03-02,Desk Lamp,Furniture,South,11,1840.65,20247.15,James Taylor
982,C5443,2024-06-23,USB Hub,Accessories,West,4,1710.79,6843.16,James Taylor
983,C3477,2023-11-29,Office Chair,Furniture,West,16,580.51,9288.16,David Lee
984,C6432,2023-04-05,Standing Desk,Furniture,West,2,1361.85,2723.7,David Lee
985,C4479,2023-07-06,Monitor,Wearable,West,4,1686.68,6746.72,Alice Johnson
986,C2840,2024-09-05,Laptop Pro,Electronics,East,12,1482.14,17785.68,Emma Brown
987,C8932,2023-09-18,Monitor,Electronics,East,25,2578.04,64451.0,James Taylor
988,C8822,2023-01-21,Office Chair,Furniture,East,6,53.31,319.86,Henry Wilson
989,C6898,2024-10-18,Wireless Headset,Electronics,South,25,457.99,1930320.26,Henry Wilson
990,C5972,2023-11-21,Office Chair,Furniture,South,7,1110.03,7770.21,Carol White
991,C6087,2024-08-11,Laptop Pro,Wearable,East,23,980.76,22557.48,Carol White
992,C8202,2023-02-14,Mechanical Keyboard,Electronics,East,10,208.88,2088.8,Grace Kim
993,C3783,2024-06-28,Mechanical Keyboard,Electronics,North,20,2439.48,48789.6,Grace Kim
994,C3641,2024-12-05,Monitor,Electronics,East,20,529.47,10589.4,Grace Kim
995,C8110,2/9/2024,USB Hub,Accessories,West,17,1852.04,31484.68,James Taylor
996,C6720,2024-06-10,Office Chair,Furniture,North,10,342.71,3427.1,  Henry Wilson  
997,C7801,2024-03-30,Standing Desk,Furniture,East,26,2427.36,63111.36,Bob Smith
998,C3745,2024-09-06,Monitor,Electronics,North,7,201.44,1410.08,Carol White
999,C7219,2023-11-05,Webcam,Electronics,West,29,1486.37,43104.73,Alice Johnson
1000,C5234,2024-07-24,Smart Watch,Wearables,South,8,800.55,6404.4,  David Lee  
